lemma,"poscode","surface"
0V4,"0","0V4"
19S,"0","19S"
23M,"0","23M"
2A5,"0","2A5"
2H0,"0","2H0"
2K7,"0","2K7"
3AU,"0","3AU"
4A7,"0","4A7"
4U9,"0","4U9"
52A,"0","52A"
57C,"0","57C"
5B2,"0","5B2"
6J4,"0","6J4"
6S0,"0","6S0"
7W6,"0","7W6"
87K,"0","87K"
A39,"0","A39"
A50,"0","A50"
AAA,"0","AAA"
AAC,"0","AAC"
AAE,"0","AAE"
AAF,"0","AAF"
AAH,"0","AAH"
AAK,"0","AAK"
AAL,"0","AAL"
AAM,"0","AAM"
AAN,"0","AAN"
AAO,"0","AAO"
AAP,"0","AAP"
AAQ,"0","AAQ"
AAR,"0","AAR"
AAV,"0","AAV"
AAX,"0","AAX"
AAY,"0","AAY"
AAZ,"0","AAZ"
ABA,"0","ABA"
ABD,"0","ABD"
ABE,"0","ABE"
ABF,"0","ABF"
ABH,"0","ABH"
ABI,"0","ABI"
ABJ,"0","ABJ"
ABK,"0","ABK"
ABL,"0","ABL"
ABM,"0","ABM"
ABN,"0","ABN"
ABQ,"0","ABQ"
ABR,"0","ABR"
ABS,"0","ABS"
ABT,"0","ABT"
ABV,"0","ABV"
ABX,"0","ABX"
ABY,"0","ABY"
ABZ,"0","ABZ"
ACA,"0","ACA"
ACC,"0","ACC"
ACD,"0","ACD"
ACE,"0","ACE"
ACH,"0","ACH"
ACI,"0","ACI"
ACJ,"0","ACJ"
ACK,"0","ACK"
ACP,"0","ACP"
ACR,"0","ACR"
ACS,"0","ACS"
ACT,"0","ACT"
ACV,"0","ACV"
ACX,"0","ACX"
ACY,"0","ACY"
ACZ,"0","ACZ"
ADA,"0","ADA"
ADB,"0","ADB"
ADD,"0","ADD"
ADE,"0","ADE"
ADF,"0","ADF"
ADH,"0","ADH"
ADI,"0","ADI"
ADJ,"0","ADJ"
ADK,"0","ADK"
ADL,"0","ADL"
ADM,"0","ADM"
ADQ,"0","ADQ"
ADS,"0","ADS"
ADU,"0","ADU"
ADW,"0","ADW"
ADX,"0","ADX"
ADY,"0","ADY"
ADZ,"0","ADZ"
AEA,"0","AEA"
AEH,"0","AEH"
AEP,"0","AEP"
AER,"0","AER"
AES,"0","AES"
AET,"0","AET"
AEX,"0","AEX"
AEY,"0","AEY"
AFA,"0","AFA"
AFE,"0","AFE"
AFL,"0","AFL"
AFS,"0","AFS"
AFT,"0","AFT"
AFW,"0","AFW"
AFY,"0","AFY"
AFZ,"0","AFZ"
AGA,"0","AGA"
AGB,"0","AGB"
AGC,"0","AGC"
AGE,"0","AGE"
AGF,"0","AGF"
AGH,"0","AGH"
AGI,"0","AGI"
AGJ,"0","AGJ"
AGM,"0","AGM"
AGN,"0","AGN"
AGP,"0","AGP"
AGQ,"0","AGQ"
AGR,"0","AGR"
AGS,"0","AGS"
AGT,"0","AGT"
AGU,"0","AGU"
AGV,"0","AGV"
AGX,"0","AGX"
AGZ,"0","AGZ"
AHB,"0","AHB"
AHE,"0","AHE"
AHN,"0","AHN"
AHO,"0","AHO"
AHQ,"0","AHQ"
AHS,"0","AHS"
AHU,"0","AHU"
AIA,"0","AIA"
AIK,"0","AIK"
AIN,"0","AIN"
AIR,"0","AIR"
AIS,"0","AIS"
AIT,"0","AIT"
AIU,"0","AIU"
AIZ,"0","AIZ"
AJA,"0","AJA"
AJF,"0","AJF"
AJI,"0","AJI"
AJL,"0","AJL"
AJN,"0","AJN"
AJR,"0","AJR"
AJU,"0","AJU"
AJY,"0","AJY"
AKA,"0","AKA"
AKB,"0","AKB"
AKC,"0","AKC"
AKD,"0","AKD"
AKF,"0","AKF"
AKI,"0","AKI"
AKJ,"0","AKJ"
AKK,"0","AKK"
AKL,"0","AKL"
AKN,"0","AKN"
AKO,"0","AKO"
AKP,"0","AKP"
AKR,"0","AKR"
AKS,"0","AKS"
AKT,"0","AKT"
AKU,"0","AKU"
AKV,"0","AKV"
AKX,"0","AKX"
AKY,"0","AKY"
ALA,"0","ALA"
ALB,"0","ALB"
ALC,"0","ALC"
ALF,"0","ALF"
ALG,"0","ALG"
ALH,"0","ALH"
ALI,"0","ALI"
ALJ,"0","ALJ"
ALL,"0","ALL"
ALM,"0","ALM"
ALN,"0","ALN"
ALO,"0","ALO"
ALP,"0","ALP"
ALR,"0","ALR"
ALS,"0","ALS"
ALU,"0","ALU"
ALW,"0","ALW"
ALX,"0","ALX"
ALY,"0","ALY"
AMA,"0","AMA"
AMB,"0","AMB"
AMC,"0","AMC"
AMD,"0","AMD"
AMH,"0","AMH"
AMI,"0","AMI"
AMM,"0","AMM"
AMQ,"0","AMQ"
AMS,"0","AMS"
AMV,"0","AMV"
AMZ,"0","AMZ"
ANB,"0","ANB"
ANC,"0","ANC"
AND,"0","AND"
ANE,"0","ANE"
ANF,"0","ANF"
ANG,"0","ANG"
ANI,"0","ANI"
ANK,"0","ANK"
ANM,"0","ANM"
ANN,"0","ANN"
ANP,"0","ANP"
ANQ,"0","ANQ"
ANR,"0","ANR"
ANS,"0","ANS"
ANU,"0","ANU"
ANV,"0","ANV"
ANX,"0","ANX"
AOC,"0","AOC"
AOE,"0","AOE"
AOG,"0","AOG"
AOH,"0","AOH"
AOI,"0","AOI"
AOJ,"0","AOJ"
AOK,"0","AOK"
AOL,"0","AOL"
AOO,"0","AOO"
AOR,"0","AOR"
AOT,"0","AOT"
AOU,"0","AOU"
APA,"0","APA"
APC,"0","APC"
APF,"0","APF"
APG,"0","APG"
API,"0","API"
APK,"0","APK"
APL,"0","APL"
APN,"0","APN"
APO,"0","APO"
APQ,"0","APQ"
APW,"0","APW"
APZ,"0","APZ"
AQA,"0","AQA"
AQB,"0","AQB"
AQC,"0","AQC"
AQG,"0","AQG"
AQI,"0","AQI"
AQJ,"0","AQJ"
AQP,"0","AQP"
ARA,"0","ARA"
ARB,"0","ARB"
ARC,"0","ARC"
ARD,"0","ARD"
ARE,"0","ARE"
ARH,"0","ARH"
ARI,"0","ARI"
ARK,"0","ARK"
ARM,"0","ARM"
ARN,"0","ARN"
ARR,"0","ARR"
ART,"0","ART"
ARU,"0","ARU"
ARV,"0","ARV"
ARW,"0","ARW"
ASA,"0","ASA"
ASB,"0","ASB"
ASD,"0","ASD"
ASE,"0","ASE"
ASF,"0","ASF"
ASH,"0","ASH"
ASI,"0","ASI"
ASJ,"0","ASJ"
ASK,"0","ASK"
ASM,"0","ASM"
ASN,"0","ASN"
ASO,"0","ASO"
ASP,"0","ASP"
ASR,"0","ASR"
AST,"0","AST"
ASU,"0","ASU"
ASV,"0","ASV"
ASW,"0","ASW"
ATA,"0","ATA"
ATB,"0","ATB"
ATC,"0","ATC"
ATD,"0","ATD"
ATF,"0","ATF"
ATG,"0","ATG"
ATH,"0","ATH"
ATI,"0","ATI"
ATJ,"0","ATJ"
ATK,"0","ATK"
ATL,"0","ATL"
ATM,"0","ATM"
ATQ,"0","ATQ"
ATR,"0","ATR"
ATW,"0","ATW"
ATY,"0","ATY"
ATZ,"0","ATZ"
AUA,"0","AUA"
AUC,"0","AUC"
AUF,"0","AUF"
AUG,"0","AUG"
AUH,"0","AUH"
AUK,"0","AUK"
AUO,"0","AUO"
AUQ,"0","AUQ"
AUR,"0","AUR"
AUS,"0","AUS"
AUU,"0","AUU"
AUW,"0","AUW"
AUX,"0","AUX"
AUY,"0","AUY"
AVA,"0","AVA"
AVB,"0","AVB"
AVI,"0","AVI"
AVK,"0","AVK"
AVL,"0","AVL"
AVN,"0","AVN"
AVO,"0","AVO"
AVP,"0","AVP"
AVV,"0","AVV"
AVW,"0","AVW"
AVX,"0","AVX"
AWA,"0","AWA"
AWD,"0","AWD"
AWK,"0","AWK"
AWO,"0","AWO"
AWZ,"0","AWZ"
AXA,"0","AXA"
AXD,"0","AXD"
AXJ,"0","AXJ"
AXK,"0","AXK"
AXM,"0","AXM"
AXN,"0","AXN"
AXP,"0","AXP"
AXR,"0","AXR"
AXT,"0","AXT"
AXU,"0","AXU"
AYK,"0","AYK"
AYP,"0","AYP"
AYQ,"0","AYQ"
AYT,"0","AYT"
AZ3,"0","AZ3"
AZA,"0","AZA"
AZD,"0","AZD"
AZI,"0","AZI"
AZN,"0","AZN"
AZO,"0","AZO"
AZR,"0","AZR"
AZS,"0","AZS"
BAB,"0","BAB"
BAD,"0","BAD"
BAF,"0","BAF"
BAG,"0","BAG"
BAH,"0","BAH"
BAL,"0","BAL"
BAQ,"0","BAQ"
BAS,"0","BAS"
BAT,"0","BAT"
BAU,"0","BAU"
BAV,"0","BAV"
BAX,"0","BAX"
BAY,"0","BAY"
BAZ,"0","BAZ"
BBA,"0","BBA"
BBD,"0","BBD"
BBG,"0","BBG"
BBH,"0","BBH"
BBI,"0","BBI"
BBJ,"0","BBJ"
BBK,"0","BBK"
BBM,"0","BBM"
BBN,"0","BBN"
BBO,"0","BBO"
BBP,"0","BBP"
BBQ,"0","BBQ"
BBR,"0","BBR"
BBS,"0","BBS"
BBT,"0","BBT"
BBU,"0","BBU"
BBX,"0","BBX"
BCA,"0","BCA"
BCD,"0","BCD"
BCE,"0","BCE"
BCI,"0","BCI"
BCL,"0","BCL"
BCM,"0","BCM"
BCN,"0","BCN"
BCO,"0","BCO"
BCT,"0","BCT"
BCV,"0","BCV"
BDA,"0","BDA"
BDB,"0","BDB"
BDD,"0","BDD"
BDE,"0","BDE"
BDH,"0","BDH"
BDI,"0","BDI"
BDJ,"0","BDJ"
BDL,"0","BDL"
BDM,"0","BDM"
BDN,"0","BDN"
BDO,"0","BDO"
BDP,"0","BDP"
BDQ,"0","BDQ"
BDR,"0","BDR"
BDS,"0","BDS"
BDT,"0","BDT"
BDU,"0","BDU"
BEB,"0","BEB"
BEC,"0","BEC"
BED,"0","BED"
BEF,"0","BEF"
BEG,"0","BEG"
BEI,"0","BEI"
BEJ,"0","BEJ"
BEL,"0","BEL"
BEM,"0","BEM"
BEN,"0","BEN"
BEO,"0","BEO"
BEP,"0","BEP"
BEQ,"0","BEQ"
BES,"0","BES"
BET,"0","BET"
BEU,"0","BEU"
BEV,"0","BEV"
BEW,"0","BEW"
BEY,"0","BEY"
BEZ,"0","BEZ"
BFD,"0","BFD"
BFF,"0","BFF"
BFH,"0","BFH"
BFI,"0","BFI"
BFJ,"0","BFJ"
BFL,"0","BFL"
BFM,"0","BFM"
BFN,"0","BFN"
BFO,"0","BFO"
BFP,"0","BFP"
BFS,"0","BFS"
BFT,"0","BFT"
BFU,"0","BFU"
BFV,"0","BFV"
BFX,"0","BFX"
BGA,"0","BGA"
BGC,"0","BGC"
BGE,"0","BGE"
BGF,"0","BGF"
BGI,"0","BGI"
BGM,"0","BGM"
BGO,"0","BGO"
BGR,"0","BGR"
BGW,"0","BGW"
BGX,"0","BGX"
BGY,"0","BGY"
BHB,"0","BHB"
BHD,"0","BHD"
BHE,"0","BHE"
BHG,"0","BHG"
BHH,"0","BHH"
BHI,"0","BHI"
BHJ,"0","BHJ"
BHK,"0","BHK"
BHM,"0","BHM"
BHN,"0","BHN"
BHO,"0","BHO"
BHP,"0","BHP"
BHQ,"0","BHQ"
BHR,"0","BHR"
BHS,"0","BHS"
BHU,"0","BHU"
BHV,"0","BHV"
BHX,"0","BHX"
BHY,"0","BHY"
BIA,"0","BIA"
BID,"0","BID"
BIF,"0","BIF"
BIG,"0","BIG"
BIH,"0","BIH"
BIK,"0","BIK"
BIL,"0","BIL"
BIM,"0","BIM"
BIN,"0","BIN"
BIO,"0","BIO"
BIQ,"0","BIQ"
BIR,"0","BIR"
BIS,"0","BIS"
BIU,"0","BIU"
BIV,"0","BIV"
BIX,"0","BIX"
BIY,"0","BIY"
BJA,"0","BJA"
BJB,"0","BJB"
BJC,"0","BJC"
BJF,"0","BJF"
BJH,"0","BJH"
BJI,"0","BJI"
BJL,"0","BJL"
BJM,"0","BJM"
BJO,"0","BJO"
BJP,"0","BJP"
BJR,"0","BJR"
BJU,"0","BJU"
BJV,"0","BJV"
BJX,"0","BJX"
BJY,"0","BJY"
BJZ,"0","BJZ"
BKA,"0","BKA"
BKC,"0","BKC"
BKD,"0","BKD"
BKE,"0","BKE"
BKF,"0","BKF"
BKH,"0","BKH"
BKI,"0","BKI"
BKK,"0","BKK"
BKL,"0","BKL"
BKM,"0","BKM"
BKO,"0","BKO"
BKQ,"0","BKQ"
BKS,"0","BKS"
BKW,"0","BKW"
BKY,"0","BKY"
BKZ,"0","BKZ"
BLA,"0","BLA"
BLB,"0","BLB"
BLE,"0","BLE"
BLF,"0","BLF"
BLG,"0","BLG"
BLH,"0","BLH"
BLI,"0","BLI"
BLJ,"0","BLJ"
BLK,"0","BLK"
BLL,"0","BLL"
BLQ,"0","BLQ"
BLR,"0","BLR"
BLT,"0","BLT"
BLV,"0","BLV"
BLZ,"0","BLZ"
BMA,"0","BMA"
BMB,"0","BMB"
BMC,"0","BMC"
BMD,"0","BMD"
BME,"0","BME"
BMG,"0","BMG"
BMI,"0","BMI"
BMK,"0","BMK"
BMM,"0","BMM"
BMO,"0","BMO"
BMP,"0","BMP"
BMQ,"0","BMQ"
BMT,"0","BMT"
BMU,"0","BMU"
BMV,"0","BMV"
BMW,"0","BMW"
BMX,"0","BMX"
BMY,"0","BMY"
BNA,"0","BNA"
BNB,"0","BNB"
BNC,"0","BNC"
BND,"0","BND"
BNE,"0","BNE"
BNG,"0","BNG"
BNI,"0","BNI"
BNK,"0","BNK"
BNN,"0","BNN"
BNP,"0","BNP"
BNS,"0","BNS"
BNU,"0","BNU"
BNX,"0","BNX"
BOA,"0","BOA"
BOB,"0","BOB"
BOC,"0","BOC"
BOD,"0","BOD"
BOG,"0","BOG"
BOH,"0","BOH"
BOI,"0","BOI"
BOJ,"0","BOJ"
BOM,"0","BOM"
BON,"0","BON"
BOO,"0","BOO"
BOR,"0","BOR"
BOS,"0","BOS"
BOU,"0","BOU"
BOW,"0","BOW"
BOX,"0","BOX"
BOY,"0","BOY"
BPC,"0","BPC"
BPE,"0","BPE"
BPI,"0","BPI"
BPL,"0","BPL"
BPM,"0","BPM"
BPN,"0","BPN"
BPR,"0","BPR"
BPS,"0","BPS"
BPT,"0","BPT"
BPX,"0","BPX"
BPY,"0","BPY"
BQB,"0","BQB"
BQE,"0","BQE"
BQH,"0","BQH"
BQK,"0","BQK"
BQL,"0","BQL"
BQN,"0","BQN"
BQS,"0","BQS"
BQT,"0","BQT"
BQU,"0","BQU"
BRA,"0","BRA"
BRC,"0","BRC"
BRD,"0","BRD"
BRE,"0","BRE"
BRI,"0","BRI"
BRK,"0","BRK"
BRL,"0","BRL"
BRM,"0","BRM"
BRN,"0","BRN"
BRO,"0","BRO"
BRQ,"0","BRQ"
BRR,"0","BRR"
BRS,"0","BRS"
BRT,"0","BRT"
BRU,"0","BRU"
BRV,"0","BRV"
BRW,"0","BRW"
BRX,"0","BRX"
BSA,"0","BSA"
BSB,"0","BSB"
BSC,"0","BSC"
BSF,"0","BSF"
BSG,"0","BSG"
BSJ,"0","BSJ"
BSK,"0","BSK"
BSL,"0","BSL"
BSO,"0","BSO"
BSR,"0","BSR"
BST,"0","BST"
BSU,"0","BSU"
BSX,"0","BSX"
BTE,"0","BTE"
BTH,"0","BTH"
BTI,"0","BTI"
BTJ,"0","BTJ"
BTK,"0","BTK"
BTL,"0","BTL"
BTM,"0","BTM"
BTR,"0","BTR"
BTS,"0","BTS"
BTT,"0","BTT"
BTU,"0","BTU"
BTV,"0","BTV"
BTZ,"0","BTZ"
BUA,"0","BUA"
BUC,"0","BUC"
BUD,"0","BUD"
BUF,"0","BUF"
BUG,"0","BUG"
BUI,"0","BUI"
BUN,"0","BUN"
BUO,"0","BUO"
BUQ,"0","BUQ"
BUR,"0","BUR"
BUS,"0","BUS"
BUT,"0","BUT"
BUU,"0","BUU"
BUW,"0","BUW"
BUX,"0","BUX"
BUY,"0","BUY"
BUZ,"0","BUZ"
BVA,"0","BVA"
BVB,"0","BVB"
BVC,"0","BVC"
BVE,"0","BVE"
BVG,"0","BVG"
BVH,"0","BVH"
BVI,"0","BVI"
BVS,"0","BVS"
BVY,"0","BVY"
BWA,"0","BWA"
BWB,"0","BWB"
BWE,"0","BWE"
BWF,"0","BWF"
BWG,"0","BWG"
BWI,"0","BWI"
BWK,"0","BWK"
BWN,"0","BWN"
BWO,"0","BWO"
BWT,"0","BWT"
BWU,"0","BWU"
BWW,"0","BWW"
BXB,"0","BXB"
BXE,"0","BXE"
BXH,"0","BXH"
BXK,"0","BXK"
BXN,"0","BXN"
BXO,"0","BXO"
BXP,"0","BXP"
BXR,"0","BXR"
BXU,"0","BXU"
BYC,"0","BYC"
BYH,"0","BYH"
BYI,"0","BYI"
BYK,"0","BYK"
BYM,"0","BYM"
BYN,"0","BYN"
BYO,"0","BYO"
BYS,"0","BYS"
BYT,"0","BYT"
BYU,"0","BYU"
BYY,"0","BYY"
BZA,"0","BZA"
BZC,"0","BZC"
BZE,"0","BZE"
BZG,"0","BZG"
BZI,"0","BZI"
BZK,"0","BZK"
BZL,"0","BZL"
BZN,"0","BZN"
BZO,"0","BZO"
BZR,"0","BZR"
BZV,"0","BZV"
BZY,"0","BZY"
BZZ,"0","BZZ"
C03,"0","C03"
CAB,"0","CAB"
CAC,"0","CAC"
CAE,"0","CAE"
CAF,"0","CAF"
CAG,"0","CAG"
CAH,"0","CAH"
CAI,"0","CAI"
CAJ,"0","CAJ"
CAK,"0","CAK"
CAL,"0","CAL"
CAN,"0","CAN"
CAP,"0","CAP"
CAQ,"0","CAQ"
CAR,"0","CAR"
CAT,"0","CAT"
CAU,"0","CAU"
CAW,"0","CAW"
CAX,"0","CAX"
CAY,"0","CAY"
CAZ,"0","CAZ"
CBB,"0","CBB"
CBE,"0","CBE"
CBF,"0","CBF"
CBG,"0","CBG"
CBH,"0","CBH"
CBL,"0","CBL"
CBM,"0","CBM"
CBN,"0","CBN"
CBO,"0","CBO"
CBQ,"0","CBQ"
CBR,"0","CBR"
CBT,"0","CBT"
CBV,"0","CBV"
CCB,"0","CCB"
CCC,"0","CCC"
CCF,"0","CCF"
CCH,"0","CCH"
CCI,"0","CCI"
CCJ,"0","CCJ"
CCK,"0","CCK"
CCL,"0","CCL"
CCM,"0","CCM"
CCN,"0","CCN"
CCO,"0","CCO"
CCP,"0","CCP"
CCR,"0","CCR"
CCS,"0","CCS"
CCU,"0","CCU"
CCV,"0","CCV"
CCX,"0","CCX"
CCY,"0","CCY"
CCZ,"0","CCZ"
CDA,"0","CDA"
CDB,"0","CDB"
CDC,"0","CDC"
CDG,"0","CDG"
CDJ,"0","CDJ"
CDN,"0","CDN"
CDP,"0","CDP"
CDR,"0","CDR"
CDS,"0","CDS"
CDT,"0","CDT"
CDU,"0","CDU"
CDV,"0","CDV"
CDW,"0","CDW"
CEB,"0","CEB"
CEC,"0","CEC"
CED,"0","CED"
CEE,"0","CEE"
CEF,"0","CEF"
CEG,"0","CEG"
CEI,"0","CEI"
CEJ,"0","CEJ"
CEK,"0","CEK"
CEM,"0","CEM"
CEN,"0","CEN"
CEQ,"0","CEQ"
CER,"0","CER"
CES,"0","CES"
CET,"0","CET"
CEU,"0","CEU"
CEW,"0","CEW"
CEZ,"0","CEZ"
CFB,"0","CFB"
CFC,"0","CFC"
CFD,"0","CFD"
CFE,"0","CFE"
CFG,"0","CFG"
CFN,"0","CFN"
CFO,"0","CFO"
CFR,"0","CFR"
CFS,"0","CFS"
CFU,"0","CFU"
CFV,"0","CFV"
CGB,"0","CGB"
CGC,"0","CGC"
CGD,"0","CGD"
CGF,"0","CGF"
CGH,"0","CGH"
CGI,"0","CGI"
CGK,"0","CGK"
CGM,"0","CGM"
CGN,"0","CGN"
CGO,"0","CGO"
CGP,"0","CGP"
CGQ,"0","CGQ"
CGR,"0","CGR"
CGX,"0","CGX"
CGY,"0","CGY"
CGZ,"0","CGZ"
CHA,"0","CHA"
CHC,"0","CHC"
CHG,"0","CHG"
CHH,"0","CHH"
CHM,"0","CHM"
CHN,"0","CHN"
CHO,"0","CHO"
CHQ,"0","CHQ"
CHR,"0","CHR"
CHS,"0","CHS"
CHT,"0","CHT"
CHX,"0","CHX"
CHY,"0","CHY"
CIA,"0","CIA"
CIC,"0","CIC"
CID,"0","CID"
CIF,"0","CIF"
CIH,"0","CIH"
CIJ,"0","CIJ"
CIK,"0","CIK"
CIO,"0","CIO"
CIP,"0","CIP"
CIS,"0","CIS"
CIT,"0","CIT"
CIU,"0","CIU"
CIW,"0","CIW"
CIX,"0","CIX"
CIY,"0","CIY"
CIZ,"0","CIZ"
CJA,"0","CJA"
CJB,"0","CJB"
CJC,"0","CJC"
CJF,"0","CJF"
CJJ,"0","CJJ"
CJL,"0","CJL"
CJM,"0","CJM"
CJS,"0","CJS"
CJU,"0","CJU"
CKB,"0","CKB"
CKC,"0","CKC"
CKF,"0","CKF"
CKG,"0","CKG"
CKH,"0","CKH"
CKL,"0","CKL"
CKS,"0","CKS"
CKV,"0","CKV"
CKY,"0","CKY"
CKZ,"0","CKZ"
CLD,"0","CLD"
CLE,"0","CLE"
CLJ,"0","CLJ"
CLL,"0","CLL"
CLM,"0","CLM"
CLN,"0","CLN"
CLO,"0","CLO"
CLQ,"0","CLQ"
CLS,"0","CLS"
CLT,"0","CLT"
CLU,"0","CLU"
CLV,"0","CLV"
CLW,"0","CLW"
CLY,"0","CLY"
CMA,"0","CMA"
CMB,"0","CMB"
CME,"0","CME"
CMF,"0","CMF"
CMG,"0","CMG"
CMH,"0","CMH"
CMI,"0","CMI"
CMK,"0","CMK"
CMN,"0","CMN"
CMP,"0","CMP"
CMQ,"0","CMQ"
CMR,"0","CMR"
CMU,"0","CMU"
CMW,"0","CMW"
CMX,"0","CMX"
CNB,"0","CNB"
CNC,"0","CNC"
CND,"0","CND"
CNF,"0","CNF"
CNG,"0","CNG"
CNI,"0","CNI"
CNJ,"0","CNJ"
CNL,"0","CNL"
CNM,"0","CNM"
CNN,"0","CNN"
CNO,"0","CNO"
CNP,"0","CNP"
CNQ,"0","CNQ"
CNR,"0","CNR"
CNS,"0","CNS"
CNU,"0","CNU"
CNW,"0","CNW"
CNX,"0","CNX"
CNY,"0","CNY"
COC,"0","COC"
COD,"0","COD"
COE,"0","COE"
COF,"0","COF"
COG,"0","COG"
COH,"0","COH"
COJ,"0","COJ"
COK,"0","COK"
CON,"0","CON"
COO,"0","COO"
COQ,"0","COQ"
COR,"0","COR"
COS,"0","COS"
COT,"0","COT"
COU,"0","COU"
COX,"0","COX"
COZ,"0","COZ"
CPA,"0","CPA"
CPB,"0","CPB"
CPC,"0","CPC"
CPD,"0","CPD"
CPE,"0","CPE"
CPH,"0","CPH"
CPO,"0","CPO"
CPQ,"0","CPQ"
CPR,"0","CPR"
CPT,"0","CPT"
CPV,"0","CPV"
CPX,"0","CPX"
CQD,"0","CQD"
CQF,"0","CQF"
CQM,"0","CQM"
CQW,"0","CQW"
CRA,"0","CRA"
CRC,"0","CRC"
CRD,"0","CRD"
CRE,"0","CRE"
CRG,"0","CRG"
CRI,"0","CRI"
CRK,"0","CRK"
CRL,"0","CRL"
CRM,"0","CRM"
CRP,"0","CRP"
CRQ,"0","CRQ"
CRV,"0","CRV"
CRW,"0","CRW"
CRZ,"0","CRZ"
CSA,"0","CSA"
CSB,"0","CSB"
CSC,"0","CSC"
CSF,"0","CSF"
CSG,"0","CSG"
CSH,"0","CSH"
CSK,"0","CSK"
CSO,"0","CSO"
CSV,"0","CSV"
CSX,"0","CSX"
CSY,"0","CSY"
CTA,"0","CTA"
CTB,"0","CTB"
CTC,"0","CTC"
CTD,"0","CTD"
CTG,"0","CTG"
CTH,"0","CTH"
CTJ,"0","CTJ"
CTL,"0","CTL"
CTM,"0","CTM"
CTN,"0","CTN"
CTS,"0","CTS"
CTT,"0","CTT"
CTU,"0","CTU"
CTY,"0","CTY"
CUA,"0","CUA"
CUB,"0","CUB"
CUC,"0","CUC"
CUE,"0","CUE"
CUF,"0","CUF"
CUL,"0","CUL"
CUM,"0","CUM"
CUN,"0","CUN"
CUP,"0","CUP"
CUQ,"0","CUQ"
CUR,"0","CUR"
CUU,"0","CUU"
CUZ,"0","CUZ"
CVE,"0","CVE"
CVF,"0","CVF"
CVG,"0","CVG"
CVJ,"0","CVJ"
CVM,"0","CVM"
CVN,"0","CVN"
CVO,"0","CVO"
CVQ,"0","CVQ"
CVS,"0","CVS"
CVT,"0","CVT"
CVU,"0","CVU"
CVX,"0","CVX"
CWA,"0","CWA"
CWB,"0","CWB"
CWC,"0","CWC"
CWI,"0","CWI"
CWL,"0","CWL"
CWT,"0","CWT"
CXB,"0","CXB"
CXH,"0","CXH"
CXI,"0","CXI"
CXJ,"0","CXJ"
CXL,"0","CXL"
CXO,"0","CXO"
CXP,"0","CXP"
CXR,"0","CXR"
CXY,"0","CXY"
CYB,"0","CYB"
CYF,"0","CYF"
CYI,"0","CYI"
CYO,"0","CYO"
CYP,"0","CYP"
CYR,"0","CYR"
CYS,"0","CYS"
CYT,"0","CYT"
CYU,"0","CYU"
CYW,"0","CYW"
CYX,"0","CYX"
CYZ,"0","CYZ"
CZA,"0","CZA"
CZE,"0","CZE"
CZF,"0","CZF"
CZG,"0","CZG"
CZL,"0","CZL"
CZM,"0","CZM"
CZS,"0","CZS"
CZU,"0","CZU"
CZX,"0","CZX"
DAA,"0","DAA"
DAB,"0","DAB"
DAC,"0","DAC"
DAD,"0","DAD"
DAG,"0","DAG"
DAL,"0","DAL"
DAM,"0","DAM"
DAN,"0","DAN"
DAR,"0","DAR"
DAT,"0","DAT"
DAU,"0","DAU"
DAV,"0","DAV"
DAW,"0","DAW"
DAX,"0","DAX"
DAY,"0","DAY"
DBA,"0","DBA"
DBB,"0","DBB"
DBD,"0","DBD"
DBM,"0","DBM"
DBN,"0","DBN"
DBO,"0","DBO"
DBQ,"0","DBQ"
DBT,"0","DBT"
DBV,"0","DBV"
DCA,"0","DCA"
DCF,"0","DCF"
DCI,"0","DCI"
DCM,"0","DCM"
DCN,"0","DCN"
DDC,"0","DDC"
DEA,"0","DEA"
DEB,"0","DEB"
DEC,"0","DEC"
DED,"0","DED"
DEE,"0","DEE"
DEL,"0","DEL"
DEM,"0","DEM"
DEN,"0","DEN"
DES,"0","DES"
DET,"0","DET"
DEZ,"0","DEZ"
DFW,"0","DFW"
DGE,"0","DGE"
DGL,"0","DGL"
DGO,"0","DGO"
DGP,"0","DGP"
DGT,"0","DGT"
DHA,"0","DHA"
DHI,"0","DHI"
DHM,"0","DHM"
DHN,"0","DHN"
DHR,"0","DHR"
DHT,"0","DHT"
DIB,"0","DIB"
DIE,"0","DIE"
DIG,"0","DIG"
DIJ,"0","DIJ"
DIK,"0","DIK"
DIL,"0","DIL"
DIN,"0","DIN"
DIQ,"0","DIQ"
DIR,"0","DIR"
DIS,"0","DIS"
DIU,"0","DIU"
DIY,"0","DIY"
DJB,"0","DJB"
DJE,"0","DJE"
DJG,"0","DJG"
DJJ,"0","DJJ"
DJO,"0","DJO"
DKI,"0","DKI"
DKK,"0","DKK"
DKR,"0","DKR"
DKS,"0","DKS"
DKX,"0","DKX"
DLA,"0","DLA"
DLC,"0","DLC"
DLE,"0","DLE"
DLF,"0","DLF"
DLG,"0","DLG"
DLH,"0","DLH"
DLI,"0","DLI"
DLK,"0","DLK"
DLL,"0","DLL"
DLM,"0","DLM"
DLU,"0","DLU"
DLY,"0","DLY"
DLZ,"0","DLZ"
DMA,"0","DMA"
DMB,"0","DMB"
DMD,"0","DMD"
DME,"0","DME"
DMK,"0","DMK"
DMM,"0","DMM"
DMN,"0","DMN"
DMT,"0","DMT"
DMU,"0","DMU"
DNA,"0","DNA"
DND,"0","DND"
DNH,"0","DNH"
DNK,"0","DNK"
DNL,"0","DNL"
DNN,"0","DNN"
DNP,"0","DNP"
DNQ,"0","DNQ"
DNR,"0","DNR"
DNV,"0","DNV"
DNZ,"0","DNZ"
DOD,"0","DOD"
DOG,"0","DOG"
DOK,"0","DOK"
DOL,"0","DOL"
DOM,"0","DOM"
DOP,"0","DOP"
DOU,"0","DOU"
DOV,"0","DOV"
DPA,"0","DPA"
DPL,"0","DPL"
DPO,"0","DPO"
DPS,"0","DPS"
DQH,"0","DQH"
DRA,"0","DRA"
DRB,"0","DRB"
DRG,"0","DRG"
DRI,"0","DRI"
DRJ,"0","DRJ"
DRK,"0","DRK"
DRM,"0","DRM"
DRO,"0","DRO"
DRS,"0","DRS"
DRT,"0","DRT"
DRV,"0","DRV"
DRW,"0","DRW"
DSA,"0","DSA"
DSD,"0","DSD"
DSE,"0","DSE"
DSK,"0","DSK"
DSM,"0","DSM"
DSN,"0","DSN"
DSO,"0","DSO"
DTA,"0","DTA"
DTB,"0","DTB"
DTD,"0","DTD"
DTI,"0","DTI"
DTM,"0","DTM"
DTS,"0","DTS"
DTW,"0","DTW"
DU9,"0","DU9"
DUB,"0","DUB"
DUC,"0","DUC"
DUD,"0","DUD"
DUE,"0","DUE"
DUG,"0","DUG"
DUH,"0","DUH"
DUJ,"0","DUJ"
DUM,"0","DUM"
DUR,"0","DUR"
DUS,"0","DUS"
DUT,"0","DUT"
DVL,"0","DVL"
DVO,"0","DVO"
DVT,"0","DVT"
DWA,"0","DWA"
DWB,"0","DWB"
DWC,"0","DWC"
DWD,"0","DWD"
DWH,"0","DWH"
DXB,"0","DXB"
DXR,"0","DXR"
DYG,"0","DYG"
DYL,"0","DYL"
DYR,"0","DYR"
DYS,"0","DYS"
DYU,"0","DYU"
DZA,"0","DZA"
DZN,"0","DZN"
E25,"0","E25"
E38,"0","E38"
E63,"0","E63"
EAA,"0","EAA"
EAE,"0","EAE"
EAM,"0","EAM"
EAS,"0","EAS"
EAT,"0","EAT"
EAU,"0","EAU"
EBA,"0","EBA"
EBB,"0","EBB"
EBD,"0","EBD"
EBE,"0","EBE"
EBG,"0","EBG"
EBJ,"0","EBJ"
EBL,"0","EBL"
EBM,"0","EBM"
EBU,"0","EBU"
ECA,"0","ECA"
ECN,"0","ECN"
ECP,"0","ECP"
ECV,"0","ECV"
EDF,"0","EDF"
EDI,"0","EDI"
EDL,"0","EDL"
EDM,"0","EDM"
EDN,"0","EDN"
EDO,"0","EDO"
EDR,"0","EDR"
EDW,"0","EDW"
EED,"0","EED"
EEK,"0","EEK"
EEN,"0","EEN"
EET,"0","EET"
EFD,"0","EFD"
EFL,"0","EFL"
EGC,"0","EGC"
EGE,"0","EGE"
EGI,"0","EGI"
EGM,"0","EGM"
EGN,"0","EGN"
EGO,"0","EGO"
EGR,"0","EGR"
EGS,"0","EGS"
EGT,"0","EGT"
EGV,"0","EGV"
EGX,"0","EGX"
EHA,"0","EHA"
EHL,"0","EHL"
EHM,"0","EHM"
EIE,"0","EIE"
EIL,"0","EIL"
EIN,"0","EIN"
EIS,"0","EIS"
EJA,"0","EJA"
EJH,"0","EJH"
EKA,"0","EKA"
EKI,"0","EKI"
EKN,"0","EKN"
EKO,"0","EKO"
EKY,"0","EKY"
ELC,"0","ELC"
ELD,"0","ELD"
ELF,"0","ELF"
ELG,"0","ELG"
ELH,"0","ELH"
ELI,"0","ELI"
ELM,"0","ELM"
ELP,"0","ELP"
ELQ,"0","ELQ"
ELS,"0","ELS"
ELT,"0","ELT"
ELU,"0","ELU"
ELV,"0","ELV"
ELY,"0","ELY"
EMA,"0","EMA"
EMD,"0","EMD"
EME,"0","EME"
EMK,"0","EMK"
EML,"0","EML"
EMN,"0","EMN"
EMP,"0","EMP"
EMT,"0","EMT"
EMV,"0","EMV"
ENA,"0","ENA"
ENC,"0","ENC"
END,"0","END"
ENE,"0","ENE"
ENF,"0","ENF"
ENH,"0","ENH"
ENK,"0","ENK"
ENN,"0","ENN"
ENS,"0","ENS"
ENT,"0","ENT"
ENU,"0","ENU"
ENV,"0","ENV"
ENW,"0","ENW"
ENY,"0","ENY"
EOH,"0","EOH"
EOI,"0","EOI"
EOK,"0","EOK"
EPL,"0","EPL"
EPM,"0","EPM"
EPR,"0","EPR"
EPS,"0","EPS"
EPU,"0","EPU"
EQS,"0","EQS"
ERC,"0","ERC"
ERD,"0","ERD"
ERF,"0","ERF"
ERG,"0","ERG"
ERH,"0","ERH"
ERI,"0","ERI"
ERL,"0","ERL"
ERM,"0","ERM"
ERN,"0","ERN"
ERS,"0","ERS"
ERV,"0","ERV"
ERY,"0","ERY"
ERZ,"0","ERZ"
ESB,"0","ESB"
ESC,"0","ESC"
ESD,"0","ESD"
ESE,"0","ESE"
ESF,"0","ESF"
ESH,"0","ESH"
ESK,"0","ESK"
ESL,"0","ESL"
ESM,"0","ESM"
ESN,"0","ESN"
ESR,"0","ESR"
ESS,"0","ESS"
ESU,"0","ESU"
ESX,"0","ESX"
ETH,"0","ETH"
ETR,"0","ETR"
ETZ,"0","ETZ"
EUA,"0","EUA"
EUF,"0","EUF"
EUG,"0","EUG"
EUM,"0","EUM"
EUN,"0","EUN"
EUX,"0","EUX"
EVE,"0","EVE"
EVG,"0","EVG"
EVN,"0","EVN"
EVV,"0","EVV"
EVW,"0","EVW"
EWB,"0","EWB"
EWD,"0","EWD"
EWK,"0","EWK"
EWN,"0","EWN"
EWR,"0","EWR"
EXT,"0","EXT"
EYK,"0","EYK"
EYP,"0","EYP"
EYW,"0","EYW"
EZE,"0","EZE"
EZS,"0","EZS"
FAA,"0","FAA"
FAB,"0","FAB"
FAE,"0","FAE"
FAF,"0","FAF"
FAH,"0","FAH"
FAI,"0","FAI"
FAJ,"0","FAJ"
FAN,"0","FAN"
FAO,"0","FAO"
FAR,"0","FAR"
FAT,"0","FAT"
FAV,"0","FAV"
FAY,"0","FAY"
FBA,"0","FBA"
FBD,"0","FBD"
FBE,"0","FBE"
FBG,"0","FBG"
FBK,"0","FBK"
FBM,"0","FBM"
FBR,"0","FBR"
FBU,"0","FBU"
FCA,"0","FCA"
FCI,"0","FCI"
FCM,"0","FCM"
FCO,"0","FCO"
FCS,"0","FCS"
FDF,"0","FDF"
FDH,"0","FDH"
FDU,"0","FDU"
FDW,"0","FDW"
FDY,"0","FDY"
FEG,"0","FEG"
FEL,"0","FEL"
FEN,"0","FEN"
FET,"0","FET"
FEZ,"0","FEZ"
FFA,"0","FFA"
FFC,"0","FFC"
FFD,"0","FFD"
FFO,"0","FFO"
FFT,"0","FFT"
FFZ,"0","FFZ"
FGI,"0","FGI"
FHU,"0","FHU"
FIE,"0","FIE"
FIG,"0","FIG"
FIH,"0","FIH"
FIT,"0","FIT"
FIZ,"0","FIZ"
FJR,"0","FJR"
FKB,"0","FKB"
FKI,"0","FKI"
FKL,"0","FKL"
FKQ,"0","FKQ"
FKS,"0","FKS"
FLA,"0","FLA"
FLB,"0","FLB"
FLD,"0","FLD"
FLF,"0","FLF"
FLG,"0","FLG"
FLL,"0","FLL"
FLN,"0","FLN"
FLO,"0","FLO"
FLR,"0","FLR"
FLS,"0","FLS"
FLV,"0","FLV"
FLW,"0","FLW"
FMA,"0","FMA"
FME,"0","FME"
FMI,"0","FMI"
FMM,"0","FMM"
FMN,"0","FMN"
FMO,"0","FMO"
FMY,"0","FMY"
FNA,"0","FNA"
FNB,"0","FNB"
FNC,"0","FNC"
FNI,"0","FNI"
FNJ,"0","FNJ"
FNL,"0","FNL"
FNR,"0","FNR"
FNT,"0","FNT"
FNU,"0","FNU"
FOC,"0","FOC"
FOD,"0","FOD"
FOE,"0","FOE"
FOG,"0","FOG"
FOK,"0","FOK"
FOM,"0","FOM"
FON,"0","FON"
FOR,"0","FOR"
FPO,"0","FPO"
FRA,"0","FRA"
FRB,"0","FRB"
FRC,"0","FRC"
FRD,"0","FRD"
FRE,"0","FRE"
FRI,"0","FRI"
FRJ,"0","FRJ"
FRL,"0","FRL"
FRN,"0","FRN"
FRO,"0","FRO"
FRP,"0","FRP"
FRS,"0","FRS"
FRU,"0","FRU"
FRW,"0","FRW"
FSC,"0","FSC"
FSD,"0","FSD"
FSI,"0","FSI"
FSM,"0","FSM"
FSP,"0","FSP"
FSS,"0","FSS"
FST,"0","FST"
FTA,"0","FTA"
FTE,"0","FTE"
FTG,"0","FTG"
FTI,"0","FTI"
FTK,"0","FTK"
FTU,"0","FTU"
FTW,"0","FTW"
FTX,"0","FTX"
FTY,"0","FTY"
FUE,"0","FUE"
FUG,"0","FUG"
FUJ,"0","FUJ"
FUK,"0","FUK"
FUL,"0","FUL"
FUN,"0","FUN"
FUT,"0","FUT"
FWA,"0","FWA"
FXE,"0","FXE"
FXO,"0","FXO"
FYJ,"0","FYJ"
FYT,"0","FYT"
FYU,"0","FYU"
FYV,"0","FYV"
FZG,"0","FZG"
FZI,"0","FZI"
FZO,"0","FZO"
GAD,"0","GAD"
GAE,"0","GAE"
GAF,"0","GAF"
GAH,"0","GAH"
GAI,"0","GAI"
GAJ,"0","GAJ"
GAL,"0","GAL"
GAM,"0","GAM"
GAN,"0","GAN"
GAO,"0","GAO"
GAQ,"0","GAQ"
GAS,"0","GAS"
GAU,"0","GAU"
GAY,"0","GAY"
GBB,"0","GBB"
GBE,"0","GBE"
GBG,"0","GBG"
GBJ,"0","GBJ"
GBK,"0","GBK"
GBN,"0","GBN"
GBT,"0","GBT"
GBZ,"0","GBZ"
GCC,"0","GCC"
GCI,"0","GCI"
GCJ,"0","GCJ"
GCK,"0","GCK"
GCM,"0","GCM"
GCN,"0","GCN"
GDE,"0","GDE"
GDL,"0","GDL"
GDN,"0","GDN"
GDQ,"0","GDQ"
GDT,"0","GDT"
GDV,"0","GDV"
GDW,"0","GDW"
GDX,"0","GDX"
GDZ,"0","GDZ"
GEA,"0","GEA"
GED,"0","GED"
GEG,"0","GEG"
GEL,"0","GEL"
GEO,"0","GEO"
GER,"0","GER"
GES,"0","GES"
GET,"0","GET"
GEU,"0","GEU"
GEV,"0","GEV"
GEX,"0","GEX"
GFF,"0","GFF"
GFK,"0","GFK"
GFL,"0","GFL"
GFN,"0","GFN"
GFO,"0","GFO"
GFR,"0","GFR"
GFY,"0","GFY"
GGE,"0","GGE"
GGG,"0","GGG"
GGS,"0","GGS"
GGT,"0","GGT"
GGW,"0","GGW"
GHA,"0","GHA"
GHB,"0","GHB"
GHF,"0","GHF"
GHG,"0","GHG"
GHT,"0","GHT"
GHU,"0","GHU"
GIB,"0","GIB"
GIC,"0","GIC"
GIF,"0","GIF"
GIG,"0","GIG"
GIL,"0","GIL"
GIS,"0","GIS"
GIU,"0","GIU"
GIZ,"0","GIZ"
GJA,"0","GJA"
GJL,"0","GJL"
GJR,"0","GJR"
GJT,"0","GJT"
GKA,"0","GKA"
GKE,"0","GKE"
GKK,"0","GKK"
GKL,"0","GKL"
GKN,"0","GKN"
GKY,"0","GKY"
GLA,"0","GLA"
GLD,"0","GLD"
GLF,"0","GLF"
GLH,"0","GLH"
GLI,"0","GLI"
GLJ,"0","GLJ"
GLK,"0","GLK"
GLO,"0","GLO"
GLS,"0","GLS"
GLT,"0","GLT"
GLU,"0","GLU"
GLV,"0","GLV"
GMA,"0","GMA"
GMB,"0","GMB"
GME,"0","GME"
GMJ,"0","GMJ"
GML,"0","GML"
GMP,"0","GMP"
GMR,"0","GMR"
GMU,"0","GMU"
GMZ,"0","GMZ"
GNA,"0","GNA"
GNB,"0","GNB"
GND,"0","GND"
GNI,"0","GNI"
GNM,"0","GNM"
GNS,"0","GNS"
GNT,"0","GNT"
GNV,"0","GNV"
GNY,"0","GNY"
GNZ,"0","GNZ"
GOA,"0","GOA"
GOB,"0","GOB"
GOH,"0","GOH"
GOI,"0","GOI"
GOJ,"0","GOJ"
GOM,"0","GOM"
GON,"0","GON"
GOP,"0","GOP"
GOQ,"0","GOQ"
GOR,"0","GOR"
GOT,"0","GOT"
GOU,"0","GOU"
GOV,"0","GOV"
GOY,"0","GOY"
GOZ,"0","GOZ"
GPA,"0","GPA"
GPB,"0","GPB"
GPI,"0","GPI"
GPN,"0","GPN"
GPS,"0","GPS"
GPT,"0","GPT"
GPZ,"0","GPZ"
GQQ,"0","GQQ"
GRB,"0","GRB"
GRF,"0","GRF"
GRI,"0","GRI"
GRJ,"0","GRJ"
GRK,"0","GRK"
GRM,"0","GRM"
GRO,"0","GRO"
GRP,"0","GRP"
GRQ,"0","GRQ"
GRR,"0","GRR"
GRS,"0","GRS"
GRU,"0","GRU"
GRV,"0","GRV"
GRW,"0","GRW"
GRX,"0","GRX"
GRY,"0","GRY"
GRZ,"0","GRZ"
GSB,"0","GSB"
GSE,"0","GSE"
GSO,"0","GSO"
GSP,"0","GSP"
GSQ,"0","GSQ"
GST,"0","GST"
GTB,"0","GTB"
GTE,"0","GTE"
GTF,"0","GTF"
GTI,"0","GTI"
GTO,"0","GTO"
GTR,"0","GTR"
GTU,"0","GTU"
GUA,"0","GUA"
GUB,"0","GUB"
GUC,"0","GUC"
GUI,"0","GUI"
GUL,"0","GUL"
GUM,"0","GUM"
GUP,"0","GUP"
GUQ,"0","GUQ"
GUR,"0","GUR"
GUS,"0","GUS"
GUT,"0","GUT"
GUW,"0","GUW"
GUY,"0","GUY"
GUZ,"0","GUZ"
GVA,"0","GVA"
GVL,"0","GVL"
GVN,"0","GVN"
GVQ,"0","GVQ"
GVR,"0","GVR"
GVT,"0","GVT"
GVX,"0","GVX"
GWD,"0","GWD"
GWE,"0","GWE"
GWL,"0","GWL"
GWO,"0","GWO"
GWT,"0","GWT"
GWY,"0","GWY"
GXF,"0","GXF"
GXG,"0","GXG"
GXH,"0","GXH"
GXQ,"0","GXQ"
GXY,"0","GXY"
GYA,"0","GYA"
GYD,"0","GYD"
GYE,"0","GYE"
GYH,"0","GYH"
GYI,"0","GYI"
GYL,"0","GYL"
GYM,"0","GYM"
GYN,"0","GYN"
GYS,"0","GYS"
GYU,"0","GYU"
GYY,"0","GYY"
GZA,"0","GZA"
GZM,"0","GZM"
GZO,"0","GZO"
GZP,"0","GZP"
GZT,"0","GZT"
HAA,"0","HAA"
HAC,"0","HAC"
HAD,"0","HAD"
HAF,"0","HAF"
HAH,"0","HAH"
HAJ,"0","HAJ"
HAK,"0","HAK"
HAM,"0","HAM"
HAN,"0","HAN"
HAQ,"0","HAQ"
HAS,"0","HAS"
HAU,"0","HAU"
HAV,"0","HAV"
HBA,"0","HBA"
HBE,"0","HBE"
HBG,"0","HBG"
HBI,"0","HBI"
HBR,"0","HBR"
HBT,"0","HBT"
HBX,"0","HBX"
HCJ,"0","HCJ"
HCN,"0","HCN"
HCQ,"0","HCQ"
HCR,"0","HCR"
HDD,"0","HDD"
HDE,"0","HDE"
HDF,"0","HDF"
HDG,"0","HDG"
HDH,"0","HDH"
HDI,"0","HDI"
HDM,"0","HDM"
HDN,"0","HDN"
HDO,"0","HDO"
HDS,"0","HDS"
HDY,"0","HDY"
HEA,"0","HEA"
HEH,"0","HEH"
HEI,"0","HEI"
HEK,"0","HEK"
HEL,"0","HEL"
HEM,"0","HEM"
HEN,"0","HEN"
HER,"0","HER"
HET,"0","HET"
HEW,"0","HEW"
HEX,"0","HEX"
HFA,"0","HFA"
HFD,"0","HFD"
HFE,"0","HFE"
HFN,"0","HFN"
HFS,"0","HFS"
HFT,"0","HFT"
HGA,"0","HGA"
HGD,"0","HGD"
HGH,"0","HGH"
HGL,"0","HGL"
HGN,"0","HGN"
HGO,"0","HGO"
HGR,"0","HGR"
HGS,"0","HGS"
HGU,"0","HGU"
HHH,"0","HHH"
HHI,"0","HHI"
HHN,"0","HHN"
HHQ,"0","HHQ"
HHR,"0","HHR"
HIB,"0","HIB"
HID,"0","HID"
HIF,"0","HIF"
HII,"0","HII"
HIJ,"0","HIJ"
HIM,"0","HIM"
HIN,"0","HIN"
HIO,"0","HIO"
HIR,"0","HIR"
HIS,"0","HIS"
HIW,"0","HIW"
HJJ,"0","HJJ"
HJR,"0","HJR"
HKB,"0","HKB"
HKD,"0","HKD"
HKG,"0","HKG"
HKK,"0","HKK"
HKN,"0","HKN"
HKT,"0","HKT"
HKY,"0","HKY"
HLA,"0","HLA"
HLD,"0","HLD"
HLF,"0","HLF"
HLG,"0","HLG"
HLH,"0","HLH"
HLJ,"0","HLJ"
HLN,"0","HLN"
HLP,"0","HLP"
HLR,"0","HLR"
HLT,"0","HLT"
HLZ,"0","HLZ"
HMA,"0","HMA"
HMB,"0","HMB"
HME,"0","HME"
HMI,"0","HMI"
HMJ,"0","HMJ"
HMN,"0","HMN"
HMO,"0","HMO"
HMR,"0","HMR"
HMV,"0","HMV"
HNA,"0","HNA"
HND,"0","HND"
HNH,"0","HNH"
HNL,"0","HNL"
HNM,"0","HNM"
HNS,"0","HNS"
HNY,"0","HNY"
HNZ,"0","HNZ"
HOA,"0","HOA"
HOB,"0","HOB"
HOD,"0","HOD"
HOF,"0","HOF"
HOG,"0","HOG"
HOI,"0","HOI"
HOJ,"0","HOJ"
HOK,"0","HOK"
HOM,"0","HOM"
HON,"0","HON"
HOP,"0","HOP"
HOQ,"0","HOQ"
HOR,"0","HOR"
HOT,"0","HOT"
HOU,"0","HOU"
HOV,"0","HOV"
HPA,"0","HPA"
HPB,"0","HPB"
HPG,"0","HPG"
HPH,"0","HPH"
HPN,"0","HPN"
HQM,"0","HQM"
HQU,"0","HQU"
HRB,"0","HRB"
HRE,"0","HRE"
HRG,"0","HRG"
HRI,"0","HRI"
HRK,"0","HRK"
HRL,"0","HRL"
HRM,"0","HRM"
HRO,"0","HRO"
HRT,"0","HRT"
HSG,"0","HSG"
HSH,"0","HSH"
HSK,"0","HSK"
HSL,"0","HSL"
HSM,"0","HSM"
HSN,"0","HSN"
HST,"0","HST"
HSV,"0","HSV"
HTA,"0","HTA"
HTG,"0","HTG"
HTI,"0","HTI"
HTL,"0","HTL"
HTN,"0","HTN"
HTR,"0","HTR"
HTS,"0","HTS"
HTT,"0","HTT"
HTV,"0","HTV"
HTY,"0","HTY"
HUA,"0","HUA"
HUE,"0","HUE"
HUF,"0","HUF"
HUH,"0","HUH"
HUI,"0","HUI"
HUL,"0","HUL"
HUN,"0","HUN"
HUS,"0","HUS"
HUT,"0","HUT"
HUU,"0","HUU"
HUV,"0","HUV"
HUW,"0","HUW"
HUX,"0","HUX"
HUY,"0","HUY"
HVA,"0","HVA"
HVB,"0","HVB"
HVD,"0","HVD"
HVG,"0","HVG"
HVN,"0","HVN"
HVR,"0","HVR"
HVS,"0","HVS"
HWD,"0","HWD"
HWO,"0","HWO"
HYA,"0","HYA"
HYG,"0","HYG"
HYI,"0","HYI"
HYN,"0","HYN"
HYR,"0","HYR"
HYS,"0","HYS"
HYV,"0","HYV"
HYW,"0","HYW"
HZG,"0","HZG"
HZH,"0","HZH"
HZK,"0","HZK"
HZL,"0","HZL"
HZP,"0","HZP"
I16,"0","I16"
IAA,"0","IAA"
IAB,"0","IAB"
IAD,"0","IAD"
IAG,"0","IAG"
IAH,"0","IAH"
IAM,"0","IAM"
IAN,"0","IAN"
IAO,"0","IAO"
IAR,"0","IAR"
IAS,"0","IAS"
IBA,"0","IBA"
IBE,"0","IBE"
IBR,"0","IBR"
IBZ,"0","IBZ"
ICI,"0","ICI"
ICK,"0","ICK"
ICN,"0","ICN"
ICT,"0","ICT"
IDA,"0","IDA"
IDL,"0","IDL"
IDP,"0","IDP"
IDR,"0","IDR"
IDY,"0","IDY"
IEG,"0","IEG"
IEJ,"0","IEJ"
IEO,"0","IEO"
IEV,"0","IEV"
IFJ,"0","IFJ"
IFL,"0","IFL"
IFN,"0","IFN"
IFO,"0","IFO"
IFU,"0","IFU"
IGA,"0","IGA"
IGB,"0","IGB"
IGG,"0","IGG"
IGL,"0","IGL"
IGQ,"0","IGQ"
IGR,"0","IGR"
IGS,"0","IGS"
IGT,"0","IGT"
IGU,"0","IGU"
IGX,"0","IGX"
IIA,"0","IIA"
IIL,"0","IIL"
IJD,"0","IJD"
IJK,"0","IJK"
IKA,"0","IKA"
IKI,"0","IKI"
IKK,"0","IKK"
IKL,"0","IKL"
IKS,"0","IKS"
IKT,"0","IKT"
IKU,"0","IKU"
IKV,"0","IKV"
ILD,"0","ILD"
ILF,"0","ILF"
ILG,"0","ILG"
ILI,"0","ILI"
ILM,"0","ILM"
ILN,"0","ILN"
ILO,"0","ILO"
ILP,"0","ILP"
ILR,"0","ILR"
ILU,"0","ILU"
ILY,"0","ILY"
ILZ,"0","ILZ"
IMB,"0","IMB"
IMF,"0","IMF"
IMK,"0","IMK"
IMM,"0","IMM"
IMP,"0","IMP"
IMT,"0","IMT"
INA,"0","INA"
INC,"0","INC"
IND,"0","IND"
ING,"0","ING"
INH,"0","INH"
INI,"0","INI"
INJ,"0","INJ"
INK,"0","INK"
INL,"0","INL"
INN,"0","INN"
INO,"0","INO"
INQ,"0","INQ"
INS,"0","INS"
INT,"0","INT"
INU,"0","INU"
INV,"0","INV"
INW,"0","INW"
INZ,"0","INZ"
IOA,"0","IOA"
IOB,"0","IOB"
IOM,"0","IOM"
IOR,"0","IOR"
IOS,"0","IOS"
IOW,"0","IOW"
IPA,"0","IPA"
IPC,"0","IPC"
IPH,"0","IPH"
IPI,"0","IPI"
IPL,"0","IPL"
IPN,"0","IPN"
IPT,"0","IPT"
IQM,"0","IQM"
IQN,"0","IQN"
IQQ,"0","IQQ"
IQT,"0","IQT"
IRA,"0","IRA"
IRC,"0","IRC"
IRD,"0","IRD"
IRG,"0","IRG"
IRI,"0","IRI"
IRJ,"0","IRJ"
IRK,"0","IRK"
IRP,"0","IRP"
IRZ,"0","IRZ"
ISA,"0","ISA"
ISB,"0","ISB"
ISC,"0","ISC"
ISE,"0","ISE"
ISG,"0","ISG"
ISJ,"0","ISJ"
ISK,"0","ISK"
ISM,"0","ISM"
ISN,"0","ISN"
ISO,"0","ISO"
ISP,"0","ISP"
IST,"0","IST"
ISU,"0","ISU"
ISW,"0","ISW"
ITB,"0","ITB"
ITH,"0","ITH"
ITM,"0","ITM"
ITO,"0","ITO"
ITP,"0","ITP"
IUD,"0","IUD"
IUE,"0","IUE"
IVA,"0","IVA"
IVC,"0","IVC"
IVL,"0","IVL"
IVR,"0","IVR"
IWA,"0","IWA"
IWJ,"0","IWJ"
IWO,"0","IWO"
IWS,"0","IWS"
IXA,"0","IXA"
IXB,"0","IXB"
IXC,"0","IXC"
IXD,"0","IXD"
IXE,"0","IXE"
IXG,"0","IXG"
IXH,"0","IXH"
IXI,"0","IXI"
IXJ,"0","IXJ"
IXK,"0","IXK"
IXL,"0","IXL"
IXM,"0","IXM"
IXR,"0","IXR"
IXS,"0","IXS"
IXT,"0","IXT"
IXU,"0","IXU"
IXW,"0","IXW"
IXY,"0","IXY"
IXZ,"0","IXZ"
IYK,"0","IYK"
IZA,"0","IZA"
IZG,"0","IZG"
IZO,"0","IZO"
JAA,"0","JAA"
JAB,"0","JAB"
JAC,"0","JAC"
JAD,"0","JAD"
JAE,"0","JAE"
JAF,"0","JAF"
JAI,"0","JAI"
JAL,"0","JAL"
JAN,"0","JAN"
JAS,"0","JAS"
JAV,"0","JAV"
JAX,"0","JAX"
JBQ,"0","JBQ"
JBR,"0","JBR"
JCB,"0","JCB"
JCH,"0","JCH"
JCI,"0","JCI"
JCK,"0","JCK"
JCT,"0","JCT"
JDF,"0","JDF"
JDH,"0","JDH"
JDO,"0","JDO"
JDZ,"0","JDZ"
JED,"0","JED"
JEE,"0","JEE"
JEF,"0","JEF"
JEG,"0","JEG"
JER,"0","JER"
JES,"0","JES"
JFK,"0","JFK"
JFR,"0","JFR"
JGA,"0","JGA"
JGG,"0","JGG"
JGN,"0","JGN"
JGO,"0","JGO"
JHB,"0","JHB"
JHG,"0","JHG"
JHM,"0","JHM"
JHQ,"0","JHQ"
JHS,"0","JHS"
JHW,"0","JHW"
JIA,"0","JIA"
JIB,"0","JIB"
JIJ,"0","JIJ"
JIK,"0","JIK"
JIM,"0","JIM"
JIU,"0","JIU"
JIW,"0","JIW"
JJI,"0","JJI"
JJN,"0","JJN"
JJU,"0","JJU"
JKA,"0","JKA"
JKG,"0","JKG"
JKH,"0","JKH"
JKL,"0","JKL"
JLD,"0","JLD"
JLN,"0","JLN"
JLR,"0","JLR"
JMK,"0","JMK"
JMO,"0","JMO"
JMS,"0","JMS"
JMU,"0","JMU"
JNB,"0","JNB"
JNG,"0","JNG"
JNN,"0","JNN"
JNS,"0","JNS"
JNU,"0","JNU"
JNX,"0","JNX"
JNZ,"0","JNZ"
JOE,"0","JOE"
JOG,"0","JOG"
JOI,"0","JOI"
JOK,"0","JOK"
JOL,"0","JOL"
JON,"0","JON"
JOS,"0","JOS"
JOT,"0","JOT"
JPA,"0","JPA"
JPR,"0","JPR"
JQA,"0","JQA"
JQE,"0","JQE"
JRH,"0","JRH"
JRN,"0","JRN"
JRO,"0","JRO"
JSA,"0","JSA"
JSH,"0","JSH"
JSI,"0","JSI"
JSM,"0","JSM"
JSR,"0","JSR"
JST,"0","JST"
JSU,"0","JSU"
JSV,"0","JSV"
JSY,"0","JSY"
JTC,"0","JTC"
JTR,"0","JTR"
JTY,"0","JTY"
JUA,"0","JUA"
JUB,"0","JUB"
JUI,"0","JUI"
JUJ,"0","JUJ"
JUL,"0","JUL"
JUM,"0","JUM"
JUV,"0","JUV"
JUZ,"0","JUZ"
JVA,"0","JVA"
JVL,"0","JVL"
JWA,"0","JWA"
JXA,"0","JXA"
JXN,"0","JXN"
JYL,"0","JYL"
JYO,"0","JYO"
JYV,"0","JYV"
JZH,"0","JZH"
JZI,"0","JZI"
JZP,"0","JZP"
K83,"0","K83"
KAA,"0","KAA"
KAB,"0","KAB"
KAC,"0","KAC"
KAD,"0","KAD"
KAG,"0","KAG"
KAI,"0","KAI"
KAJ,"0","KAJ"
KAL,"0","KAL"
KAN,"0","KAN"
KAO,"0","KAO"
KAR,"0","KAR"
KAT,"0","KAT"
KAU,"0","KAU"
KAW,"0","KAW"
KAX,"0","KAX"
KAZ,"0","KAZ"
KBL,"0","KBL"
KBN,"0","KBN"
KBP,"0","KBP"
KBR,"0","KBR"
KBS,"0","KBS"
KBV,"0","KBV"
KBZ,"0","KBZ"
KCA,"0","KCA"
KCH,"0","KCH"
KCM,"0","KCM"
KCT,"0","KCT"
KCZ,"0","KCZ"
KDD,"0","KDD"
KDH,"0","KDH"
KDI,"0","KDI"
KDL,"0","KDL"
KDM,"0","KDM"
KDO,"0","KDO"
KDU,"0","KDU"
KDV,"0","KDV"
KED,"0","KED"
KEF,"0","KEF"
KEJ,"0","KEJ"
KEL,"0","KEL"
KEM,"0","KEM"
KEN,"0","KEN"
KEP,"0","KEP"
KER,"0","KER"
KES,"0","KES"
KET,"0","KET"
KEV,"0","KEV"
KEW,"0","KEW"
KEY,"0","KEY"
KFA,"0","KFA"
KFE,"0","KFE"
KFG,"0","KFG"
KFP,"0","KFP"
KFS,"0","KFS"
KGA,"0","KGA"
KGC,"0","KGC"
KGD,"0","KGD"
KGE,"0","KGE"
KGF,"0","KGF"
KGG,"0","KGG"
KGI,"0","KGI"
KGJ,"0","KGJ"
KGK,"0","KGK"
KGL,"0","KGL"
KGN,"0","KGN"
KGO,"0","KGO"
KGP,"0","KGP"
KGS,"0","KGS"
KHC,"0","KHC"
KHD,"0","KHD"
KHE,"0","KHE"
KHG,"0","KHG"
KHH,"0","KHH"
KHI,"0","KHI"
KHM,"0","KHM"
KHN,"0","KHN"
KHS,"0","KHS"
KHT,"0","KHT"
KHV,"0","KHV"
KHW,"0","KHW"
KID,"0","KID"
KIE,"0","KIE"
KIF,"0","KIF"
KIH,"0","KIH"
KIJ,"0","KIJ"
KIK,"0","KIK"
KIM,"0","KIM"
KIN,"0","KIN"
KIO,"0","KIO"
KIR,"0","KIR"
KIS,"0","KIS"
KIT,"0","KIT"
KIV,"0","KIV"
KIW,"0","KIW"
KIX,"0","KIX"
KJA,"0","KJA"
KJH,"0","KJH"
KJI,"0","KJI"
KJP,"0","KJP"
KKA,"0","KKA"
KKC,"0","KKC"
KKE,"0","KKE"
KKH,"0","KKH"
KKJ,"0","KKJ"
KKN,"0","KKN"
KKR,"0","KKR"
KKW,"0","KKW"
KKX,"0","KKX"
KLC,"0","KLC"
KLD,"0","KLD"
KLF,"0","KLF"
KLG,"0","KLG"
KLH,"0","KLH"
KLN,"0","KLN"
KLO,"0","KLO"
KLR,"0","KLR"
KLS,"0","KLS"
KLU,"0","KLU"
KLV,"0","KLV"
KLW,"0","KLW"
KLX,"0","KLX"
KLZ,"0","KLZ"
KM8,"0","KM8"
KMA,"0","KMA"
KME,"0","KME"
KMG,"0","KMG"
KMH,"0","KMH"
KMI,"0","KMI"
KMJ,"0","KMJ"
KMN,"0","KMN"
KMO,"0","KMO"
KMP,"0","KMP"
KMQ,"0","KMQ"
KMS,"0","KMS"
KMU,"0","KMU"
KMV,"0","KMV"
KMW,"0","KMW"
KND,"0","KND"
KNF,"0","KNF"
KNG,"0","KNG"
KNH,"0","KNH"
KNO,"0","KNO"
KNQ,"0","KNQ"
KNR,"0","KNR"
KNS,"0","KNS"
KNU,"0","KNU"
KNW,"0","KNW"
KNX,"0","KNX"
KOA,"0","KOA"
KOC,"0","KOC"
KOE,"0","KOE"
KOI,"0","KOI"
KOJ,"0","KOJ"
KOK,"0","KOK"
KOO,"0","KOO"
KOP,"0","KOP"
KOS,"0","KOS"
KOT,"0","KOT"
KOU,"0","KOU"
KOV,"0","KOV"
KOW,"0","KOW"
KOX,"0","KOX"
KPN,"0","KPN"
KPO,"0","KPO"
KPV,"0","KPV"
KQA,"0","KQA"
KRB,"0","KRB"
KRF,"0","KRF"
KRH,"0","KRH"
KRI,"0","KRI"
KRK,"0","KRK"
KRL,"0","KRL"
KRN,"0","KRN"
KRO,"0","KRO"
KRP,"0","KRP"
KRQ,"0","KRQ"
KRR,"0","KRR"
KRS,"0","KRS"
KRT,"0","KRT"
KRW,"0","KRW"
KRY,"0","KRY"
KRZ,"0","KRZ"
KSA,"0","KSA"
KSC,"0","KSC"
KSD,"0","KSD"
KSF,"0","KSF"
KSH,"0","KSH"
KSI,"0","KSI"
KSJ,"0","KSJ"
KSK,"0","KSK"
KSL,"0","KSL"
KSM,"0","KSM"
KSN,"0","KSN"
KSO,"0","KSO"
KSQ,"0","KSQ"
KSS,"0","KSS"
KSU,"0","KSU"
KSY,"0","KSY"
KSZ,"0","KSZ"
KTA,"0","KTA"
KTD,"0","KTD"
KTE,"0","KTE"
KTF,"0","KTF"
KTG,"0","KTG"
KTI,"0","KTI"
KTL,"0","KTL"
KTM,"0","KTM"
KTN,"0","KTN"
KTP,"0","KTP"
KTR,"0","KTR"
KTS,"0","KTS"
KTT,"0","KTT"
KTU,"0","KTU"
KTW,"0","KTW"
KUA,"0","KUA"
KUC,"0","KUC"
KUD,"0","KUD"
KUF,"0","KUF"
KUG,"0","KUG"
KUH,"0","KUH"
KUK,"0","KUK"
KUL,"0","KUL"
KUM,"0","KUM"
KUN,"0","KUN"
KUO,"0","KUO"
KUT,"0","KUT"
KUU,"0","KUU"
KUV,"0","KUV"
KVA,"0","KVA"
KVB,"0","KVB"
KVC,"0","KVC"
KVD,"0","KVD"
KVG,"0","KVG"
KVK,"0","KVK"
KVL,"0","KVL"
KVM,"0","KVM"
KVX,"0","KVX"
KWA,"0","KWA"
KWB,"0","KWB"
KWE,"0","KWE"
KWG,"0","KWG"
KWI,"0","KWI"
KWJ,"0","KWJ"
KWK,"0","KWK"
KWL,"0","KWL"
KWM,"0","KWM"
KWN,"0","KWN"
KWT,"0","KWT"
KWZ,"0","KWZ"
KXF,"0","KXF"
KXK,"0","KXK"
KYA,"0","KYA"
KYD,"0","KYD"
KYK,"0","KYK"
KYP,"0","KYP"
KYS,"0","KYS"
KYU,"0","KYU"
KYZ,"0","KYZ"
KZI,"0","KZI"
KZN,"0","KZN"
KZO,"0","KZO"
KZR,"0","KZR"
KZS,"0","KZS"
LAA,"0","LAA"
LAD,"0","LAD"
LAE,"0","LAE"
LAF,"0","LAF"
LAI,"0","LAI"
LAK,"0","LAK"
LAL,"0","LAL"
LAM,"0","LAM"
LAN,"0","LAN"
LAO,"0","LAO"
LAP,"0","LAP"
LAQ,"0","LAQ"
LAR,"0","LAR"
LAS,"0","LAS"
LAU,"0","LAU"
LAW,"0","LAW"
LAX,"0","LAX"
LAY,"0","LAY"
LAZ,"0","LAZ"
LBA,"0","LBA"
LBB,"0","LBB"
LBC,"0","LBC"
LBD,"0","LBD"
LBE,"0","LBE"
LBF,"0","LBF"
LBG,"0","LBG"
LBI,"0","LBI"
LBJ,"0","LBJ"
LBL,"0","LBL"
LBQ,"0","LBQ"
LBR,"0","LBR"
LBS,"0","LBS"
LBT,"0","LBT"
LBU,"0","LBU"
LBV,"0","LBV"
LBW,"0","LBW"
LBX,"0","LBX"
LBZ,"0","LBZ"
LCA,"0","LCA"
LCC,"0","LCC"
LCE,"0","LCE"
LCG,"0","LCG"
LCH,"0","LCH"
LCJ,"0","LCJ"
LCK,"0","LCK"
LCL,"0","LCL"
LCQ,"0","LCQ"
LCX,"0","LCX"
LCY,"0","LCY"
LDB,"0","LDB"
LDE,"0","LDE"
LDG,"0","LDG"
LDH,"0","LDH"
LDI,"0","LDI"
LDJ,"0","LDJ"
LDK,"0","LDK"
LDM,"0","LDM"
LDN,"0","LDN"
LDS,"0","LDS"
LDU,"0","LDU"
LDX,"0","LDX"
LDY,"0","LDY"
LEA,"0","LEA"
LEB,"0","LEB"
LEC,"0","LEC"
LED,"0","LED"
LEE,"0","LEE"
LEH,"0","LEH"
LEI,"0","LEI"
LEJ,"0","LEJ"
LEK,"0","LEK"
LEL,"0","LEL"
LEN,"0","LEN"
LEQ,"0","LEQ"
LER,"0","LER"
LET,"0","LET"
LEU,"0","LEU"
LEV,"0","LEV"
LEW,"0","LEW"
LEX,"0","LEX"
LEY,"0","LEY"
LFI,"0","LFI"
LFK,"0","LFK"
LFR,"0","LFR"
LFT,"0","LFT"
LFW,"0","LFW"
LGA,"0","LGA"
LGB,"0","LGB"
LGC,"0","LGC"
LGD,"0","LGD"
LGG,"0","LGG"
LGH,"0","LGH"
LGI,"0","LGI"
LGK,"0","LGK"
LGL,"0","LGL"
LGO,"0","LGO"
LGP,"0","LGP"
LGR,"0","LGR"
LGS,"0","LGS"
LGU,"0","LGU"
LGW,"0","LGW"
LHA,"0","LHA"
LHC,"0","LHC"
LHD,"0","LHD"
LHE,"0","LHE"
LHG,"0","LHG"
LHK,"0","LHK"
LHM,"0","LHM"
LHR,"0","LHR"
LHS,"0","LHS"
LHV,"0","LHV"
LHW,"0","LHW"
LHX,"0","LHX"
LID,"0","LID"
LIF,"0","LIF"
LIG,"0","LIG"
LIH,"0","LIH"
LII,"0","LII"
LIL,"0","LIL"
LIM,"0","LIM"
LIN,"0","LIN"
LIO,"0","LIO"
LIP,"0","LIP"
LIQ,"0","LIQ"
LIR,"0","LIR"
LIS,"0","LIS"
LIT,"0","LIT"
LIW,"0","LIW"
LIX,"0","LIX"
LJA,"0","LJA"
LJG,"0","LJG"
LJU,"0","LJU"
LKB,"0","LKB"
LKG,"0","LKG"
LKH,"0","LKH"
LKL,"0","LKL"
LKN,"0","LKN"
LKO,"0","LKO"
LKP,"0","LKP"
LKS,"0","LKS"
LKY,"0","LKY"
LLA,"0","LLA"
LLF,"0","LLF"
LLI,"0","LLI"
LLK,"0","LLK"
LLQ,"0","LLQ"
LLU,"0","LLU"
LLW,"0","LLW"
LME,"0","LME"
LMM,"0","LMM"
LMN,"0","LMN"
LMO,"0","LMO"
LMP,"0","LMP"
LMR,"0","LMR"
LMT,"0","LMT"
LNA,"0","LNA"
LNB,"0","LNB"
LND,"0","LND"
LNE,"0","LNE"
LNK,"0","LNK"
LNN,"0","LNN"
LNO,"0","LNO"
LNR,"0","LNR"
LNS,"0","LNS"
LNY,"0","LNY"
LNZ,"0","LNZ"
LOD,"0","LOD"
LOE,"0","LOE"
LOH,"0","LOH"
LOK,"0","LOK"
LOL,"0","LOL"
LOO,"0","LOO"
LOP,"0","LOP"
LOS,"0","LOS"
LOT,"0","LOT"
LOU,"0","LOU"
LOV,"0","LOV"
LOZ,"0","LOZ"
LPA,"0","LPA"
LPB,"0","LPB"
LPC,"0","LPC"
LPD,"0","LPD"
LPG,"0","LPG"
LPI,"0","LPI"
LPK,"0","LPK"
LPL,"0","LPL"
LPM,"0","LPM"
LPP,"0","LPP"
LPQ,"0","LPQ"
LPR,"0","LPR"
LPS,"0","LPS"
LPT,"0","LPT"
LPU,"0","LPU"
LPX,"0","LPX"
LPY,"0","LPY"
LQM,"0","LQM"
LQR,"0","LQR"
LRA,"0","LRA"
LRD,"0","LRD"
LRE,"0","LRE"
LRF,"0","LRF"
LRH,"0","LRH"
LRL,"0","LRL"
LRM,"0","LRM"
LRO,"0","LRO"
LRR,"0","LRR"
LRS,"0","LRS"
LRT,"0","LRT"
LRU,"0","LRU"
LRV,"0","LRV"
LSC,"0","LSC"
LSE,"0","LSE"
LSF,"0","LSF"
LSH,"0","LSH"
LSI,"0","LSI"
LSP,"0","LSP"
LSQ,"0","LSQ"
LSS,"0","LSS"
LST,"0","LST"
LSV,"0","LSV"
LSW,"0","LSW"
LSY,"0","LSY"
LSZ,"0","LSZ"
LTA,"0","LTA"
LTD,"0","LTD"
LTI,"0","LTI"
LTK,"0","LTK"
LTM,"0","LTM"
LTN,"0","LTN"
LTO,"0","LTO"
LTQ,"0","LTQ"
LTS,"0","LTS"
LTT,"0","LTT"
LTX,"0","LTX"
LUA,"0","LUA"
LUD,"0","LUD"
LUF,"0","LUF"
LUG,"0","LUG"
LUH,"0","LUH"
LUK,"0","LUK"
LUM,"0","LUM"
LUN,"0","LUN"
LUO,"0","LUO"
LUP,"0","LUP"
LUQ,"0","LUQ"
LUR,"0","LUR"
LUV,"0","LUV"
LUW,"0","LUW"
LUX,"0","LUX"
LVA,"0","LVA"
LVI,"0","LVI"
LVK,"0","LVK"
LVM,"0","LVM"
LVO,"0","LVO"
LVR,"0","LVR"
LVS,"0","LVS"
LWA,"0","LWA"
LWB,"0","LWB"
LWC,"0","LWC"
LWK,"0","LWK"
LWM,"0","LWM"
LWN,"0","LWN"
LWO,"0","LWO"
LWR,"0","LWR"
LWS,"0","LWS"
LWT,"0","LWT"
LWY,"0","LWY"
LXA,"0","LXA"
LXG,"0","LXG"
LXN,"0","LXN"
LXR,"0","LXR"
LXS,"0","LXS"
LYA,"0","LYA"
LYB,"0","LYB"
LYC,"0","LYC"
LYE,"0","LYE"
LYG,"0","LYG"
LYH,"0","LYH"
LYI,"0","LYI"
LYM,"0","LYM"
LYN,"0","LYN"
LYP,"0","LYP"
LYR,"0","LYR"
LYS,"0","LYS"
LYU,"0","LYU"
LYX,"0","LYX"
LZC,"0","LZC"
LZH,"0","LZH"
LZN,"0","LZN"
LZO,"0","LZO"
LZR,"0","LZR"
LZU,"0","LZU"
LZY,"0","LZY"
LZZ,"0","LZZ"
M94,"0","M94"
MAA,"0","MAA"
MAB,"0","MAB"
MAD,"0","MAD"
MAE,"0","MAE"
MAF,"0","MAF"
MAG,"0","MAG"
MAH,"0","MAH"
MAI,"0","MAI"
MAJ,"0","MAJ"
MAK,"0","MAK"
MAM,"0","MAM"
MAN,"0","MAN"
MAO,"0","MAO"
MAQ,"0","MAQ"
MAR,"0","MAR"
MAS,"0","MAS"
MAT,"0","MAT"
MAU,"0","MAU"
MAX,"0","MAX"
MAZ,"0","MAZ"
MBA,"0","MBA"
MBD,"0","MBD"
MBE,"0","MBE"
MBG,"0","MBG"
MBH,"0","MBH"
MBI,"0","MBI"
MBJ,"0","MBJ"
MBL,"0","MBL"
MBS,"0","MBS"
MBT,"0","MBT"
MBU,"0","MBU"
MBW,"0","MBW"
MBX,"0","MBX"
MBZ,"0","MBZ"
MCB,"0","MCB"
MCC,"0","MCC"
MCE,"0","MCE"
MCF,"0","MCF"
MCG,"0","MCG"
MCH,"0","MCH"
MCI,"0","MCI"
MCK,"0","MCK"
MCL,"0","MCL"
MCN,"0","MCN"
MCO,"0","MCO"
MCP,"0","MCP"
MCT,"0","MCT"
MCU,"0","MCU"
MCV,"0","MCV"
MCW,"0","MCW"
MCX,"0","MCX"
MCY,"0","MCY"
MCZ,"0","MCZ"
MDC,"0","MDC"
MDE,"0","MDE"
MDG,"0","MDG"
MDH,"0","MDH"
MDI,"0","MDI"
MDK,"0","MDK"
MDL,"0","MDL"
MDO,"0","MDO"
MDQ,"0","MDQ"
MDS,"0","MDS"
MDT,"0","MDT"
MDU,"0","MDU"
MDW,"0","MDW"
MDY,"0","MDY"
MDZ,"0","MDZ"
MEA,"0","MEA"
MEB,"0","MEB"
MEC,"0","MEC"
MED,"0","MED"
MEE,"0","MEE"
MEG,"0","MEG"
MEH,"0","MEH"
MEI,"0","MEI"
MEJ,"0","MEJ"
MEK,"0","MEK"
MEL,"0","MEL"
MEM,"0","MEM"
MEN,"0","MEN"
MEO,"0","MEO"
MEQ,"0","MEQ"
MER,"0","MER"
MES,"0","MES"
MEX,"0","MEX"
MEY,"0","MEY"
MEZ,"0","MEZ"
MFA,"0","MFA"
MFD,"0","MFD"
MFE,"0","MFE"
MFG,"0","MFG"
MFI,"0","MFI"
MFJ,"0","MFJ"
MFK,"0","MFK"
MFM,"0","MFM"
MFN,"0","MFN"
MFQ,"0","MFQ"
MFR,"0","MFR"
MFU,"0","MFU"
MFX,"0","MFX"
MGA,"0","MGA"
MGB,"0","MGB"
MGC,"0","MGC"
MGE,"0","MGE"
MGF,"0","MGF"
MGH,"0","MGH"
MGJ,"0","MGJ"
MGL,"0","MGL"
MGM,"0","MGM"
MGN,"0","MGN"
MGQ,"0","MGQ"
MGS,"0","MGS"
MGT,"0","MGT"
MGW,"0","MGW"
MGY,"0","MGY"
MGZ,"0","MGZ"
MHA,"0","MHA"
MHC,"0","MHC"
MHD,"0","MHD"
MHG,"0","MHG"
MHH,"0","MHH"
MHK,"0","MHK"
MHM,"0","MHM"
MHP,"0","MHP"
MHQ,"0","MHQ"
MHR,"0","MHR"
MHT,"0","MHT"
MHU,"0","MHU"
MHV,"0","MHV"
MHX,"0","MHX"
MHZ,"0","MHZ"
MIA,"0","MIA"
MIB,"0","MIB"
MIC,"0","MIC"
MID,"0","MID"
MIE,"0","MIE"
MIG,"0","MIG"
MII,"0","MII"
MIJ,"0","MIJ"
MIK,"0","MIK"
MIM,"0","MIM"
MIR,"0","MIR"
MIS,"0","MIS"
MIU,"0","MIU"
MIV,"0","MIV"
MJA,"0","MJA"
MJC,"0","MJC"
MJD,"0","MJD"
MJF,"0","MJF"
MJI,"0","MJI"
MJK,"0","MJK"
MJL,"0","MJL"
MJM,"0","MJM"
MJN,"0","MJN"
MJT,"0","MJT"
MJV,"0","MJV"
MJZ,"0","MJZ"
MKC,"0","MKC"
MKE,"0","MKE"
MKG,"0","MKG"
MKK,"0","MKK"
MKL,"0","MKL"
MKM,"0","MKM"
MKO,"0","MKO"
MKP,"0","MKP"
MKQ,"0","MKQ"
MKR,"0","MKR"
MKS,"0","MKS"
MKT,"0","MKT"
MKU,"0","MKU"
MKW,"0","MKW"
MKY,"0","MKY"
MKZ,"0","MKZ"
MLA,"0","MLA"
MLB,"0","MLB"
MLC,"0","MLC"
MLD,"0","MLD"
MLE,"0","MLE"
MLG,"0","MLG"
MLI,"0","MLI"
MLJ,"0","MLJ"
MLL,"0","MLL"
MLM,"0","MLM"
MLN,"0","MLN"
MLO,"0","MLO"
MLS,"0","MLS"
MLT,"0","MLT"
MLU,"0","MLU"
MLW,"0","MLW"
MLX,"0","MLX"
MLY,"0","MLY"
MLZ,"0","MLZ"
MMB,"0","MMB"
MMD,"0","MMD"
MME,"0","MME"
MMG,"0","MMG"
MMH,"0","MMH"
MMI,"0","MMI"
MMJ,"0","MMJ"
MMK,"0","MMK"
MMO,"0","MMO"
MMT,"0","MMT"
MMU,"0","MMU"
MMV,"0","MMV"
MMX,"0","MMX"
MMY,"0","MMY"
MMZ,"0","MMZ"
MNA,"0","MNA"
MNB,"0","MNB"
MNC,"0","MNC"
MNF,"0","MNF"
MNG,"0","MNG"
MNI,"0","MNI"
MNJ,"0","MNJ"
MNK,"0","MNK"
MNL,"0","MNL"
MNM,"0","MNM"
MNU,"0","MNU"
MNX,"0","MNX"
MNY,"0","MNY"
MNZ,"0","MNZ"
MOA,"0","MOA"
MOB,"0","MOB"
MOC,"0","MOC"
MOD,"0","MOD"
MOF,"0","MOF"
MOG,"0","MOG"
MOI,"0","MOI"
MOL,"0","MOL"
MON,"0","MON"
MOO,"0","MOO"
MOQ,"0","MOQ"
MOT,"0","MOT"
MOU,"0","MOU"
MOV,"0","MOV"
MOZ,"0","MOZ"
MPA,"0","MPA"
MPD,"0","MPD"
MPH,"0","MPH"
MPK,"0","MPK"
MPL,"0","MPL"
MPM,"0","MPM"
MPN,"0","MPN"
MPO,"0","MPO"
MPR,"0","MPR"
MPV,"0","MPV"
MPW,"0","MPW"
MPY,"0","MPY"
MQC,"0","MQC"
MQF,"0","MQF"
MQH,"0","MQH"
MQL,"0","MQL"
MQM,"0","MQM"
MQN,"0","MQN"
MQP,"0","MQP"
MQQ,"0","MQQ"
MQS,"0","MQS"
MQT,"0","MQT"
MQX,"0","MQX"
MQZ,"0","MQZ"
MRB,"0","MRB"
MRD,"0","MRD"
MRE,"0","MRE"
MRF,"0","MRF"
MRI,"0","MRI"
MRK,"0","MRK"
MRN,"0","MRN"
MRO,"0","MRO"
MRQ,"0","MRQ"
MRS,"0","MRS"
MRT,"0","MRT"
MRU,"0","MRU"
MRV,"0","MRV"
MRX,"0","MRX"
MRY,"0","MRY"
MRZ,"0","MRZ"
MSA,"0","MSA"
MSE,"0","MSE"
MSH,"0","MSH"
MSI,"0","MSI"
MSJ,"0","MSJ"
MSL,"0","MSL"
MSN,"0","MSN"
MSO,"0","MSO"
MSP,"0","MSP"
MSQ,"0","MSQ"
MSR,"0","MSR"
MSS,"0","MSS"
MST,"0","MST"
MSU,"0","MSU"
MSW,"0","MSW"
MSY,"0","MSY"
MSZ,"0","MSZ"
MTC,"0","MTC"
MTF,"0","MTF"
MTH,"0","MTH"
MTJ,"0","MTJ"
MTK,"0","MTK"
MTL,"0","MTL"
MTM,"0","MTM"
MTN,"0","MTN"
MTP,"0","MTP"
MTR,"0","MTR"
MTS,"0","MTS"
MTT,"0","MTT"
MTV,"0","MTV"
MTY,"0","MTY"
MUA,"0","MUA"
MUB,"0","MUB"
MUC,"0","MUC"
MUE,"0","MUE"
MUH,"0","MUH"
MUI,"0","MUI"
MUK,"0","MUK"
MUN,"0","MUN"
MUO,"0","MUO"
MUR,"0","MUR"
MUW,"0","MUW"
MUX,"0","MUX"
MUZ,"0","MUZ"
MVA,"0","MVA"
MVB,"0","MVB"
MVD,"0","MVD"
MVF,"0","MVF"
MVL,"0","MVL"
MVP,"0","MVP"
MVQ,"0","MVQ"
MVR,"0","MVR"
MVS,"0","MVS"
MVT,"0","MVT"
MVV,"0","MVV"
MVY,"0","MVY"
MVZ,"0","MVZ"
MWA,"0","MWA"
MWC,"0","MWC"
MWE,"0","MWE"
MWF,"0","MWF"
MWH,"0","MWH"
MWK,"0","MWK"
MWL,"0","MWL"
MWM,"0","MWM"
MWQ,"0","MWQ"
MWX,"0","MWX"
MWZ,"0","MWZ"
MXF,"0","MXF"
MXH,"0","MXH"
MXJ,"0","MXJ"
MXL,"0","MXL"
MXM,"0","MXM"
MXN,"0","MXN"
MXP,"0","MXP"
MXS,"0","MXS"
MXT,"0","MXT"
MXV,"0","MXV"
MXX,"0","MXX"
MXZ,"0","MXZ"
MYA,"0","MYA"
MYB,"0","MYB"
MYC,"0","MYC"
MYD,"0","MYD"
MYE,"0","MYE"
MYG,"0","MYG"
MYI,"0","MYI"
MYJ,"0","MYJ"
MYL,"0","MYL"
MYP,"0","MYP"
MYQ,"0","MYQ"
MYR,"0","MYR"
MYT,"0","MYT"
MYU,"0","MYU"
MYV,"0","MYV"
MYW,"0","MYW"
MYY,"0","MYY"
MZB,"0","MZB"
MZG,"0","MZG"
MZH,"0","MZH"
MZI,"0","MZI"
MZJ,"0","MZJ"
MZK,"0","MZK"
MZL,"0","MZL"
MZM,"0","MZM"
MZO,"0","MZO"
MZP,"0","MZP"
MZR,"0","MZR"
MZT,"0","MZT"
MZV,"0","MZV"
N/A,"0","N/A"
NAA,"0","NAA"
NAG,"0","NAG"
NAH,"0","NAH"
NAI,"0","NAI"
NAJ,"0","NAJ"
NAK,"0","NAK"
NAL,"0","NAL"
NAN,"0","NAN"
NAO,"0","NAO"
NAP,"0","NAP"
NAQ,"0","NAQ"
NAS,"0","NAS"
NAT,"0","NAT"
NAV,"0","NAV"
NAW,"0","NAW"
NAY,"0","NAY"
NBB,"0","NBB"
NBC,"0","NBC"
NBG,"0","NBG"
NBO,"0","NBO"
NBX,"0","NBX"
NCA,"0","NCA"
NCE,"0","NCE"
NCL,"0","NCL"
NCN,"0","NCN"
NCS,"0","NCS"
NCU,"0","NCU"
NCY,"0","NCY"
ND4,"0","ND4"
NDB,"0","NDB"
NDC,"0","NDC"
NDD,"0","NDD"
NDG,"0","NDG"
NDJ,"0","NDJ"
NDR,"0","NDR"
NDU,"0","NDU"
NDY,"0","NDY"
NDZ,"0","NDZ"
NEC,"0","NEC"
NEG,"0","NEG"
NEL,"0","NEL"
NEV,"0","NEV"
NEW,"0","NEW"
NF4,"0","NF4"
NFG,"0","NFG"
NFO,"0","NFO"
NGB,"0","NGB"
NGD,"0","NGD"
NGE,"0","NGE"
NGF,"0","NGF"
NGI,"0","NGI"
NGO,"0","NGO"
NGP,"0","NGP"
NGQ,"0","NGQ"
NGS,"0","NGS"
NGU,"0","NGU"
NGX,"0","NGX"
NHA,"0","NHA"
NHD,"0","NHD"
NHK,"0","NHK"
NHT,"0","NHT"
NHV,"0","NHV"
NHZ,"0","NHZ"
NIB,"0","NIB"
NID,"0","NID"
NIG,"0","NIG"
NIM,"0","NIM"
NIO,"0","NIO"
NIT,"0","NIT"
NIU,"0","NIU"
NJC,"0","NJC"
NJF,"0","NJF"
NJK,"0","NJK"
NKC,"0","NKC"
NKG,"0","NKG"
NKM,"0","NKM"
NKT,"0","NKT"
NKX,"0","NKX"
NLA,"0","NLA"
NLC,"0","NLC"
NLD,"0","NLD"
NLF,"0","NLF"
NLG,"0","NLG"
NLI,"0","NLI"
NLK,"0","NLK"
NLO,"0","NLO"
NLP,"0","NLP"
NLT,"0","NLT"
NLV,"0","NLV"
NMA,"0","NMA"
NMB,"0","NMB"
NME,"0","NME"
NNA,"0","NNA"
NNB,"0","NNB"
NNG,"0","NNG"
NNL,"0","NNL"
NNM,"0","NNM"
NNR,"0","NNR"
NNT,"0","NNT"
NNX,"0","NNX"
NNY,"0","NNY"
NOA,"0","NOA"
NOB,"0","NOB"
NOC,"0","NOC"
NOE,"0","NOE"
NOG,"0","NOG"
NOJ,"0","NOJ"
NON,"0","NON"
NOR,"0","NOR"
NOS,"0","NOS"
NOU,"0","NOU"
NOV,"0","NOV"
NOW,"0","NOW"
NOZ,"0","NOZ"
NPA,"0","NPA"
NPE,"0","NPE"
NPL,"0","NPL"
NQA,"0","NQA"
NQN,"0","NQN"
NQT,"0","NQT"
NQU,"0","NQU"
NQX,"0","NQX"
NQY,"0","NQY"
NRA,"0","NRA"
NRB,"0","NRB"
NRD,"0","NRD"
NRK,"0","NRK"
NRL,"0","NRL"
NRN,"0","NRN"
NRT,"0","NRT"
NSE,"0","NSE"
NSH,"0","NSH"
NSI,"0","NSI"
NSK,"0","NSK"
NSN,"0","NSN"
NSO,"0","NSO"
NST,"0","NST"
NSY,"0","NSY"
NTB,"0","NTB"
NTD,"0","NTD"
NTE,"0","NTE"
NTI,"0","NTI"
NTL,"0","NTL"
NTN,"0","NTN"
NTQ,"0","NTQ"
NTR,"0","NTR"
NTT,"0","NTT"
NTU,"0","NTU"
NTX,"0","NTX"
NTY,"0","NTY"
NU8,"0","NU8"
NUE,"0","NUE"
NUI,"0","NUI"
NUL,"0","NUL"
NUQ,"0","NUQ"
NUS,"0","NUS"
NUW,"0","NUW"
NUX,"0","NUX"
NVA,"0","NVA"
NVI,"0","NVI"
NVK,"0","NVK"
NVP,"0","NVP"
NVS,"0","NVS"
NVT,"0","NVT"
NWA,"0","NWA"
NWI,"0","NWI"
NXP,"0","NXP"
NXX,"0","NXX"
NYA,"0","NYA"
NYE,"0","NYE"
NYG,"0","NYG"
NYI,"0","NYI"
NYK,"0","NYK"
NYM,"0","NYM"
NYO,"0","NYO"
NYT,"0","NYT"
NYU,"0","NYU"
NZA,"0","NZA"
NZC,"0","NZC"
NZY,"0","NZY"
OAG,"0","OAG"
OAJ,"0","OAJ"
OAK,"0","OAK"
OAL,"0","OAL"
OAM,"0","OAM"
OAR,"0","OAR"
OAX,"0","OAX"
OBC,"0","OBC"
OBE,"0","OBE"
OBF,"0","OBF"
OBN,"0","OBN"
OBO,"0","OBO"
OBS,"0","OBS"
OBU,"0","OBU"
OBY,"0","OBY"
OCA,"0","OCA"
OCC,"0","OCC"
OCF,"0","OCF"
OCJ,"0","OCJ"
OCV,"0","OCV"
OCW,"0","OCW"
ODB,"0","ODB"
ODE,"0","ODE"
ODH,"0","ODH"
ODN,"0","ODN"
ODO,"0","ODO"
ODS,"0","ODS"
ODY,"0","ODY"
OEB,"0","OEB"
OEL,"0","OEL"
OEM,"0","OEM"
OER,"0","OER"
OES,"0","OES"
OFF,"0","OFF"
OFK,"0","OFK"
OGB,"0","OGB"
OGD,"0","OGD"
OGG,"0","OGG"
OGL,"0","OGL"
OGN,"0","OGN"
OGS,"0","OGS"
OGX,"0","OGX"
OGZ,"0","OGZ"
OHD,"0","OHD"
OHE,"0","OHE"
OHO,"0","OHO"
OHS,"0","OHS"
OIA,"0","OIA"
OIM,"0","OIM"
OIR,"0","OIR"
OIT,"0","OIT"
OJC,"0","OJC"
OKA,"0","OKA"
OKB,"0","OKB"
OKC,"0","OKC"
OKD,"0","OKD"
OKF,"0","OKF"
OKI,"0","OKI"
OKJ,"0","OKJ"
OKK,"0","OKK"
OKL,"0","OKL"
OKN,"0","OKN"
OKO,"0","OKO"
OKR,"0","OKR"
OKU,"0","OKU"
OKY,"0","OKY"
OLA,"0","OLA"
OLB,"0","OLB"
OLC,"0","OLC"
OLF,"0","OLF"
OLM,"0","OLM"
OLP,"0","OLP"
OLS,"0","OLS"
OLU,"0","OLU"
OLV,"0","OLV"
OLZ,"0","OLZ"
OMA,"0","OMA"
OMB,"0","OMB"
OMC,"0","OMC"
OMD,"0","OMD"
OME,"0","OME"
OMF,"0","OMF"
OMH,"0","OMH"
OMN,"0","OMN"
OMO,"0","OMO"
OMR,"0","OMR"
OMS,"0","OMS"
OND,"0","OND"
ONG,"0","ONG"
ONJ,"0","ONJ"
ONP,"0","ONP"
ONQ,"0","ONQ"
ONS,"0","ONS"
ONT,"0","ONT"
ONX,"0","ONX"
OOK,"0","OOK"
OOL,"0","OOL"
OOM,"0","OOM"
OPF,"0","OPF"
OPO,"0","OPO"
OPS,"0","OPS"
OQN,"0","OQN"
OQU,"0","OQU"
ORA,"0","ORA"
ORB,"0","ORB"
ORD,"0","ORD"
ORE,"0","ORE"
ORF,"0","ORF"
ORG,"0","ORG"
ORH,"0","ORH"
ORJ,"0","ORJ"
ORK,"0","ORK"
ORL,"0","ORL"
ORN,"0","ORN"
ORP,"0","ORP"
ORT,"0","ORT"
ORV,"0","ORV"
ORW,"0","ORW"
ORX,"0","ORX"
ORY,"0","ORY"
OSB,"0","OSB"
OSC,"0","OSC"
OSD,"0","OSD"
OSH,"0","OSH"
OSI,"0","OSI"
OSK,"0","OSK"
OSL,"0","OSL"
OSN,"0","OSN"
OSP,"0","OSP"
OSR,"0","OSR"
OSS,"0","OSS"
OST,"0","OST"
OSU,"0","OSU"
OSW,"0","OSW"
OSY,"0","OSY"
OSZ,"0","OSZ"
OTH,"0","OTH"
OTI,"0","OTI"
OTM,"0","OTM"
OTP,"0","OTP"
OTR,"0","OTR"
OTU,"0","OTU"
OTZ,"0","OTZ"
OUA,"0","OUA"
OUD,"0","OUD"
OUE,"0","OUE"
OUI,"0","OUI"
OUL,"0","OUL"
OUZ,"0","OUZ"
OVA,"0","OVA"
OVB,"0","OVB"
OVD,"0","OVD"
OVS,"0","OVS"
OWB,"0","OWB"
OWD,"0","OWD"
OXB,"0","OXB"
OXC,"0","OXC"
OXF,"0","OXF"
OXR,"0","OXR"
OYE,"0","OYE"
OYL,"0","OYL"
OZA,"0","OZA"
OZC,"0","OZC"
OZH,"0","OZH"
OZP,"0","OZP"
OZR,"0","OZR"
OZZ,"0","OZZ"
P08,"0","P08"
P52,"0","P52"
PAB,"0","PAB"
PAC,"0","PAC"
PAD,"0","PAD"
PAE,"0","PAE"
PAF,"0","PAF"
PAG,"0","PAG"
PAH,"0","PAH"
PAJ,"0","PAJ"
PAL,"0","PAL"
PAM,"0","PAM"
PAN,"0","PAN"
PAO,"0","PAO"
PAP,"0","PAP"
PAQ,"0","PAQ"
PAS,"0","PAS"
PAT,"0","PAT"
PAV,"0","PAV"
PAX,"0","PAX"
PAZ,"0","PAZ"
PBC,"0","PBC"
PBD,"0","PBD"
PBF,"0","PBF"
PBG,"0","PBG"
PBH,"0","PBH"
PBI,"0","PBI"
PBJ,"0","PBJ"
PBL,"0","PBL"
PBM,"0","PBM"
PBN,"0","PBN"
PBO,"0","PBO"
PBP,"0","PBP"
PBR,"0","PBR"
PBU,"0","PBU"
PBX,"0","PBX"
PCA,"0","PCA"
PCB,"0","PCB"
PCL,"0","PCL"
PCN,"0","PCN"
PCP,"0","PCP"
PCR,"0","PCR"
PCS,"0","PCS"
PCW,"0","PCW"
PCZ,"0","PCZ"
PDA,"0","PDA"
PDG,"0","PDG"
PDK,"0","PDK"
PDL,"0","PDL"
PDO,"0","PDO"
PDP,"0","PDP"
PDS,"0","PDS"
PDT,"0","PDT"
PDU,"0","PDU"
PDV,"0","PDV"
PDX,"0","PDX"
PEA,"0","PEA"
PED,"0","PED"
PEE,"0","PEE"
PEF,"0","PEF"
PEG,"0","PEG"
PEI,"0","PEI"
PEK,"0","PEK"
PEM,"0","PEM"
PEN,"0","PEN"
PEQ,"0","PEQ"
PER,"0","PER"
PES,"0","PES"
PET,"0","PET"
PEU,"0","PEU"
PEV,"0","PEV"
PEW,"0","PEW"
PEX,"0","PEX"
PEZ,"0","PEZ"
PFB,"0","PFB"
PFJ,"0","PFJ"
PFN,"0","PFN"
PFO,"0","PFO"
PFQ,"0","PFQ"
PFR,"0","PFR"
PGA,"0","PGA"
PGD,"0","PGD"
PGF,"0","PGF"
PGH,"0","PGH"
PGK,"0","PGK"
PGU,"0","PGU"
PGV,"0","PGV"
PGX,"0","PGX"
PHA,"0","PHA"
PHC,"0","PHC"
PHD,"0","PHD"
PHE,"0","PHE"
PHF,"0","PHF"
PHK,"0","PHK"
PHL,"0","PHL"
PHN,"0","PHN"
PHS,"0","PHS"
PHW,"0","PHW"
PHX,"0","PHX"
PHY,"0","PHY"
PIA,"0","PIA"
PIB,"0","PIB"
PID,"0","PID"
PIE,"0","PIE"
PIF,"0","PIF"
PIH,"0","PIH"
PIK,"0","PIK"
PIM,"0","PIM"
PIN,"0","PIN"
PIO,"0","PIO"
PIP,"0","PIP"
PIR,"0","PIR"
PIS,"0","PIS"
PIT,"0","PIT"
PIU,"0","PIU"
PIW,"0","PIW"
PIX,"0","PIX"
PIZ,"0","PIZ"
PJA,"0","PJA"
PJC,"0","PJC"
PJG,"0","PJG"
PJM,"0","PJM"
PKA,"0","PKA"
PKB,"0","PKB"
PKC,"0","PKC"
PKE,"0","PKE"
PKG,"0","PKG"
PKH,"0","PKH"
PKK,"0","PKK"
PKN,"0","PKN"
PKP,"0","PKP"
PKR,"0","PKR"
PKT,"0","PKT"
PKU,"0","PKU"
PKV,"0","PKV"
PKW,"0","PKW"
PKY,"0","PKY"
PKZ,"0","PKZ"
PLD,"0","PLD"
PLH,"0","PLH"
PLL,"0","PLL"
PLM,"0","PLM"
PLN,"0","PLN"
PLO,"0","PLO"
PLP,"0","PLP"
PLQ,"0","PLQ"
PLS,"0","PLS"
PLU,"0","PLU"
PLV,"0","PLV"
PLW,"0","PLW"
PLX,"0","PLX"
PLZ,"0","PLZ"
PMA,"0","PMA"
PMB,"0","PMB"
PMC,"0","PMC"
PMD,"0","PMD"
PMF,"0","PMF"
PMG,"0","PMG"
PMI,"0","PMI"
PMK,"0","PMK"
PML,"0","PML"
PMO,"0","PMO"
PMP,"0","PMP"
PMQ,"0","PMQ"
PMR,"0","PMR"
PMS,"0","PMS"
PMV,"0","PMV"
PMW,"0","PMW"
PMY,"0","PMY"
PMZ,"0","PMZ"
PNA,"0","PNA"
PNB,"0","PNB"
PNC,"0","PNC"
PNE,"0","PNE"
PNH,"0","PNH"
PNI,"0","PNI"
PNK,"0","PNK"
PNL,"0","PNL"
PNM,"0","PNM"
PNP,"0","PNP"
PNQ,"0","PNQ"
PNR,"0","PNR"
PNS,"0","PNS"
PNT,"0","PNT"
PNV,"0","PNV"
PNY,"0","PNY"
PNZ,"0","PNZ"
POA,"0","POA"
POB,"0","POB"
POC,"0","POC"
POE,"0","POE"
POF,"0","POF"
POG,"0","POG"
POI,"0","POI"
POJ,"0","POJ"
POL,"0","POL"
POM,"0","POM"
POO,"0","POO"
POP,"0","POP"
POR,"0","POR"
POS,"0","POS"
POT,"0","POT"
POU,"0","POU"
POW,"0","POW"
POX,"0","POX"
POZ,"0","POZ"
PPB,"0","PPB"
PPC,"0","PPC"
PPE,"0","PPE"
PPG,"0","PPG"
PPK,"0","PPK"
PPL,"0","PPL"
PPN,"0","PPN"
PPP,"0","PPP"
PPQ,"0","PPQ"
PPS,"0","PPS"
PPT,"0","PPT"
PPW,"0","PPW"
PPY,"0","PPY"
PQC,"0","PQC"
PQI,"0","PQI"
PQQ,"0","PQQ"
PRA,"0","PRA"
PRB,"0","PRB"
PRC,"0","PRC"
PRG,"0","PRG"
PRH,"0","PRH"
PRI,"0","PRI"
PRN,"0","PRN"
PRV,"0","PRV"
PRX,"0","PRX"
PRY,"0","PRY"
PSA,"0","PSA"
PSC,"0","PSC"
PSD,"0","PSD"
PSE,"0","PSE"
PSG,"0","PSG"
PSH,"0","PSH"
PSI,"0","PSI"
PSJ,"0","PSJ"
PSL,"0","PSL"
PSM,"0","PSM"
PSO,"0","PSO"
PSP,"0","PSP"
PSR,"0","PSR"
PSS,"0","PSS"
PSU,"0","PSU"
PSX,"0","PSX"
PSY,"0","PSY"
PSZ,"0","PSZ"
PTB,"0","PTB"
PTF,"0","PTF"
PTG,"0","PTG"
PTH,"0","PTH"
PTJ,"0","PTJ"
PTK,"0","PTK"
PTP,"0","PTP"
PTT,"0","PTT"
PTU,"0","PTU"
PTY,"0","PTY"
PTZ,"0","PTZ"
PUB,"0","PUB"
PUC,"0","PUC"
PUD,"0","PUD"
PUE,"0","PUE"
PUF,"0","PUF"
PUG,"0","PUG"
PUJ,"0","PUJ"
PUK,"0","PUK"
PUQ,"0","PUQ"
PUR,"0","PUR"
PUS,"0","PUS"
PUT,"0","PUT"
PUU,"0","PUU"
PUW,"0","PUW"
PUY,"0","PUY"
PUZ,"0","PUZ"
PVA,"0","PVA"
PVC,"0","PVC"
PVD,"0","PVD"
PVG,"0","PVG"
PVH,"0","PVH"
PVK,"0","PVK"
PVO,"0","PVO"
PVR,"0","PVR"
PVS,"0","PVS"
PVU,"0","PVU"
PWE,"0","PWE"
PWK,"0","PWK"
PWM,"0","PWM"
PWQ,"0","PWQ"
PWT,"0","PWT"
PWY,"0","PWY"
PXE,"0","PXE"
PXH,"0","PXH"
PXM,"0","PXM"
PXO,"0","PXO"
PXU,"0","PXU"
PYE,"0","PYE"
PYH,"0","PYH"
PYJ,"0","PYJ"
PYK,"0","PYK"
PYM,"0","PYM"
PYP,"0","PYP"
PYR,"0","PYR"
PYY,"0","PYY"
PZA,"0","PZA"
PZB,"0","PZB"
PZE,"0","PZE"
PZH,"0","PZH"
PZL,"0","PZL"
PZO,"0","PZO"
PZU,"0","PZU"
PZY,"0","PZY"
QAS,"0","QAS"
QBC,"0","QBC"
QBX,"0","QBX"
QCJ,"0","QCJ"
QCY,"0","QCY"
QDJ,"0","QDJ"
QEF,"0","QEF"
QFD,"0","QFD"
QFO,"0","QFO"
QGY,"0","QGY"
QHP,"0","QHP"
QHR,"0","QHR"
QKT,"0","QKT"
QLA,"0","QLA"
QLP,"0","QLP"
QLS,"0","QLS"
QLT,"0","QLT"
QMJ,"0","QMJ"
QNC,"0","QNC"
QNJ,"0","QNJ"
QNV,"0","QNV"
QNX,"0","QNX"
QOW,"0","QOW"
QPA,"0","QPA"
QPG,"0","QPG"
QPS,"0","QPS"
QPZ,"0","QPZ"
QRA,"0","QRA"
QRO,"0","QRO"
QSA,"0","QSA"
QSC,"0","QSC"
QSF,"0","QSF"
QSN,"0","QSN"
QSR,"0","QSR"
QUO,"0","QUO"
QUS,"0","QUS"
QVY,"0","QVY"
QXB,"0","QXB"
QXR,"0","QXR"
QYD,"0","QYD"
QYR,"0","QYR"
RAB,"0","RAB"
RAC,"0","RAC"
RAE,"0","RAE"
RAH,"0","RAH"
RAI,"0","RAI"
RAJ,"0","RAJ"
RAK,"0","RAK"
RAL,"0","RAL"
RAM,"0","RAM"
RAO,"0","RAO"
RAP,"0","RAP"
RAR,"0","RAR"
RAS,"0","RAS"
RAT,"0","RAT"
RAZ,"0","RAZ"
RBA,"0","RBA"
RBB,"0","RBB"
RBD,"0","RBD"
RBE,"0","RBE"
RBK,"0","RBK"
RBM,"0","RBM"
RBR,"0","RBR"
RBV,"0","RBV"
RBX,"0","RBX"
RBY,"0","RBY"
RCA,"0","RCA"
RCB,"0","RCB"
RCH,"0","RCH"
RCL,"0","RCL"
RCM,"0","RCM"
RCO,"0","RCO"
RCS,"0","RCS"
RCU,"0","RCU"
RCZ,"0","RCZ"
RDC,"0","RDC"
RDD,"0","RDD"
RDG,"0","RDG"
RDM,"0","RDM"
RDN,"0","RDN"
RDP,"0","RDP"
RDR,"0","RDR"
RDS,"0","RDS"
RDU,"0","RDU"
RDZ,"0","RDZ"
REA,"0","REA"
REC,"0","REC"
REG,"0","REG"
REI,"0","REI"
REL,"0","REL"
REN,"0","REN"
REP,"0","REP"
RES,"0","RES"
RET,"0","RET"
REU,"0","REU"
REX,"0","REX"
REY,"0","REY"
RFD,"0","RFD"
RFP,"0","RFP"
RFS,"0","RFS"
RGA,"0","RGA"
RGI,"0","RGI"
RGK,"0","RGK"
RGL,"0","RGL"
RGN,"0","RGN"
RGS,"0","RGS"
RGT,"0","RGT"
RHD,"0","RHD"
RHE,"0","RHE"
RHI,"0","RHI"
RHO,"0","RHO"
RHP,"0","RHP"
RHV,"0","RHV"
RIA,"0","RIA"
RIB,"0","RIB"
RIC,"0","RIC"
RID,"0","RID"
RIF,"0","RIF"
RIJ,"0","RIJ"
RIL,"0","RIL"
RIN,"0","RIN"
RIR,"0","RIR"
RIS,"0","RIS"
RIU,"0","RIU"
RIV,"0","RIV"
RIW,"0","RIW"
RIX,"0","RIX"
RIY,"0","RIY"
RJA,"0","RJA"
RJH,"0","RJH"
RJK,"0","RJK"
RJL,"0","RJL"
RJN,"0","RJN"
RKD,"0","RKD"
RKE,"0","RKE"
RKH,"0","RKH"
RKP,"0","RKP"
RKR,"0","RKR"
RKS,"0","RKS"
RKT,"0","RKT"
RKV,"0","RKV"
RLG,"0","RLG"
RLK,"0","RLK"
RMA,"0","RMA"
RME,"0","RME"
RMF,"0","RMF"
RMG,"0","RMG"
RMI,"0","RMI"
RMK,"0","RMK"
RML,"0","RML"
RMQ,"0","RMQ"
RMS,"0","RMS"
RMT,"0","RMT"
RMY,"0","RMY"
RNA,"0","RNA"
RNB,"0","RNB"
RND,"0","RND"
RNE,"0","RNE"
RNH,"0","RNH"
RNI,"0","RNI"
RNJ,"0","RNJ"
RNL,"0","RNL"
RNM,"0","RNM"
RNN,"0","RNN"
RNO,"0","RNO"
RNS,"0","RNS"
RNT,"0","RNT"
ROA,"0","ROA"
ROB,"0","ROB"
ROC,"0","ROC"
ROD,"0","ROD"
ROI,"0","ROI"
ROK,"0","ROK"
ROO,"0","ROO"
ROP,"0","ROP"
ROR,"0","ROR"
ROS,"0","ROS"
ROT,"0","ROT"
ROV,"0","ROV"
ROW,"0","ROW"
RPB,"0","RPB"
RPN,"0","RPN"
RPR,"0","RPR"
RQW,"0","RQW"
RRG,"0","RRG"
RRK,"0","RRK"
RRS,"0","RRS"
RSA,"0","RSA"
RSD,"0","RSD"
RSH,"0","RSH"
RSL,"0","RSL"
RST,"0","RST"
RSU,"0","RSU"
RSW,"0","RSW"
RTA,"0","RTA"
RTB,"0","RTB"
RTG,"0","RTG"
RTM,"0","RTM"
RTS,"0","RTS"
RTW,"0","RTW"
RUA,"0","RUA"
RUG,"0","RUG"
RUH,"0","RUH"
RUK,"0","RUK"
RUM,"0","RUM"
RUN,"0","RUN"
RUR,"0","RUR"
RUS,"0","RUS"
RUT,"0","RUT"
RUV,"0","RUV"
RVA,"0","RVA"
RVD,"0","RVD"
RVE,"0","RVE"
RVK,"0","RVK"
RVN,"0","RVN"
RVR,"0","RVR"
RVS,"0","RVS"
RVT,"0","RVT"
RVV,"0","RVV"
RVY,"0","RVY"
RWF,"0","RWF"
RWI,"0","RWI"
RWL,"0","RWL"
RWN,"0","RWN"
RXS,"0","RXS"
RYB,"0","RYB"
RYG,"0","RYG"
RYK,"0","RYK"
RYN,"0","RYN"
RYY,"0","RYY"
RZA,"0","RZA"
RZE,"0","RZE"
RZP,"0","RZP"
RZR,"0","RZR"
RZS,"0","RZS"
S40,"0","S40"
S46,"0","S46"
SAA,"0","SAA"
SAB,"0","SAB"
SAC,"0","SAC"
SAD,"0","SAD"
SAF,"0","SAF"
SAH,"0","SAH"
SAK,"0","SAK"
SAL,"0","SAL"
SAN,"0","SAN"
SAP,"0","SAP"
SAQ,"0","SAQ"
SAT,"0","SAT"
SAV,"0","SAV"
SAW,"0","SAW"
SAY,"0","SAY"
SBA,"0","SBA"
SBD,"0","SBD"
SBG,"0","SBG"
SBH,"0","SBH"
SBK,"0","SBK"
SBM,"0","SBM"
SBN,"0","SBN"
SBO,"0","SBO"
SBP,"0","SBP"
SBR,"0","SBR"
SBS,"0","SBS"
SBU,"0","SBU"
SBW,"0","SBW"
SBY,"0","SBY"
SBZ,"0","SBZ"
SCC,"0","SCC"
SCD,"0","SCD"
SCE,"0","SCE"
SCH,"0","SCH"
SCK,"0","SCK"
SCL,"0","SCL"
SCM,"0","SCM"
SCN,"0","SCN"
SCO,"0","SCO"
SCQ,"0","SCQ"
SCS,"0","SCS"
SCT,"0","SCT"
SCU,"0","SCU"
SCV,"0","SCV"
SCW,"0","SCW"
SCY,"0","SCY"
SCZ,"0","SCZ"
SDC,"0","SDC"
SDD,"0","SDD"
SDE,"0","SDE"
SDF,"0","SDF"
SDG,"0","SDG"
SDJ,"0","SDJ"
SDK,"0","SDK"
SDL,"0","SDL"
SDM,"0","SDM"
SDN,"0","SDN"
SDP,"0","SDP"
SDQ,"0","SDQ"
SDR,"0","SDR"
SDS,"0","SDS"
SDT,"0","SDT"
SDU,"0","SDU"
SDV,"0","SDV"
SDX,"0","SDX"
SDY,"0","SDY"
SEA,"0","SEA"
SEB,"0","SEB"
SEE,"0","SEE"
SEF,"0","SEF"
SEH,"0","SEH"
SEK,"0","SEK"
SEM,"0","SEM"
SEN,"0","SEN"
SEU,"0","SEU"
SEY,"0","SEY"
SEZ,"0","SEZ"
SFA,"0","SFA"
SFB,"0","SFB"
SFC,"0","SFC"
SFD,"0","SFD"
SFE,"0","SFE"
SFF,"0","SFF"
SFG,"0","SFG"
SFH,"0","SFH"
SFJ,"0","SFJ"
SFK,"0","SFK"
SFL,"0","SFL"
SFN,"0","SFN"
SFO,"0","SFO"
SFQ,"0","SFQ"
SFS,"0","SFS"
SFT,"0","SFT"
SFZ,"0","SFZ"
SGC,"0","SGC"
SGD,"0","SGD"
SGF,"0","SGF"
SGH,"0","SGH"
SGI,"0","SGI"
SGN,"0","SGN"
SGO,"0","SGO"
SGQ,"0","SGQ"
SGR,"0","SGR"
SGS,"0","SGS"
SGU,"0","SGU"
SGV,"0","SGV"
SGX,"0","SGX"
SGY,"0","SGY"
SHA,"0","SHA"
SHB,"0","SHB"
SHD,"0","SHD"
SHE,"0","SHE"
SHG,"0","SHG"
SHH,"0","SHH"
SHI,"0","SHI"
SHJ,"0","SHJ"
SHL,"0","SHL"
SHM,"0","SHM"
SHN,"0","SHN"
SHO,"0","SHO"
SHP,"0","SHP"
SHR,"0","SHR"
SHT,"0","SHT"
SHV,"0","SHV"
SHW,"0","SHW"
SHX,"0","SHX"
SHY,"0","SHY"
SIA,"0","SIA"
SIC,"0","SIC"
SID,"0","SID"
SIF,"0","SIF"
SIG,"0","SIG"
SIJ,"0","SIJ"
SIK,"0","SIK"
SIN,"0","SIN"
SIP,"0","SIP"
SIQ,"0","SIQ"
SIR,"0","SIR"
SIS,"0","SIS"
SIT,"0","SIT"
SIU,"0","SIU"
SJC,"0","SJC"
SJD,"0","SJD"
SJE,"0","SJE"
SJI,"0","SJI"
SJJ,"0","SJJ"
SJK,"0","SJK"
SJL,"0","SJL"
SJO,"0","SJO"
SJP,"0","SJP"
SJT,"0","SJT"
SJU,"0","SJU"
SJW,"0","SJW"
SJY,"0","SJY"
SJZ,"0","SJZ"
SKA,"0","SKA"
SKB,"0","SKB"
SKD,"0","SKD"
SKE,"0","SKE"
SKF,"0","SKF"
SKG,"0","SKG"
SKH,"0","SKH"
SKK,"0","SKK"
SKN,"0","SKN"
SKO,"0","SKO"
SKP,"0","SKP"
SKS,"0","SKS"
SKT,"0","SKT"
SKU,"0","SKU"
SKV,"0","SKV"
SKX,"0","SKX"
SKY,"0","SKY"
SKZ,"0","SKZ"
SLA,"0","SLA"
SLC,"0","SLC"
SLD,"0","SLD"
SLE,"0","SLE"
SLF,"0","SLF"
SLH,"0","SLH"
SLI,"0","SLI"
SLK,"0","SLK"
SLL,"0","SLL"
SLM,"0","SLM"
SLN,"0","SLN"
SLP,"0","SLP"
SLQ,"0","SLQ"
SLU,"0","SLU"
SLV,"0","SLV"
SLW,"0","SLW"
SLX,"0","SLX"
SLY,"0","SLY"
SLZ,"0","SLZ"
SMA,"0","SMA"
SMD,"0","SMD"
SME,"0","SME"
SMF,"0","SMF"
SMI,"0","SMI"
SMK,"0","SMK"
SML,"0","SML"
SMN,"0","SMN"
SMO,"0","SMO"
SMQ,"0","SMQ"
SMR,"0","SMR"
SMS,"0","SMS"
SMV,"0","SMV"
SMW,"0","SMW"
SMX,"0","SMX"
SMZ,"0","SMZ"
SNA,"0","SNA"
SNC,"0","SNC"
SNE,"0","SNE"
SNJ,"0","SNJ"
SNN,"0","SNN"
SNO,"0","SNO"
SNP,"0","SNP"
SNR,"0","SNR"
SNS,"0","SNS"
SNU,"0","SNU"
SNV,"0","SNV"
SNW,"0","SNW"
SNY,"0","SNY"
SOA,"0","SOA"
SOB,"0","SOB"
SOC,"0","SOC"
SOD,"0","SOD"
SOF,"0","SOF"
SOG,"0","SOG"
SOJ,"0","SOJ"
SOM,"0","SOM"
SON,"0","SON"
SOO,"0","SOO"
SOP,"0","SOP"
SOQ,"0","SOQ"
SOT,"0","SOT"
SOU,"0","SOU"
SOW,"0","SOW"
SOY,"0","SOY"
SOZ,"0","SOZ"
SPB,"0","SPB"
SPC,"0","SPC"
SPD,"0","SPD"
SPF,"0","SPF"
SPG,"0","SPG"
SPI,"0","SPI"
SPK,"0","SPK"
SPM,"0","SPM"
SPN,"0","SPN"
SPP,"0","SPP"
SPS,"0","SPS"
SPU,"0","SPU"
SPW,"0","SPW"
SPY,"0","SPY"
SPZ,"0","SPZ"
SQG,"0","SQG"
SQH,"0","SQH"
SQL,"0","SQL"
SQO,"0","SQO"
SQQ,"0","SQQ"
SQX,"0","SQX"
SRA,"0","SRA"
SRE,"0","SRE"
SRG,"0","SRG"
SRH,"0","SRH"
SRI,"0","SRI"
SRJ,"0","SRJ"
SRN,"0","SRN"
SRP,"0","SRP"
SRQ,"0","SRQ"
SRR,"0","SRR"
SRT,"0","SRT"
SRX,"0","SRX"
SRY,"0","SRY"
SRZ,"0","SRZ"
SSA,"0","SSA"
SSC,"0","SSC"
SSE,"0","SSE"
SSF,"0","SSF"
SSG,"0","SSG"
SSH,"0","SSH"
SSI,"0","SSI"
SSJ,"0","SSJ"
SSN,"0","SSN"
SSR,"0","SSR"
SST,"0","SST"
SSV,"0","SSV"
SSY,"0","SSY"
SSZ,"0","SSZ"
STA,"0","STA"
STB,"0","STB"
STC,"0","STC"
STD,"0","STD"
STE,"0","STE"
STG,"0","STG"
STI,"0","STI"
STJ,"0","STJ"
STK,"0","STK"
STL,"0","STL"
STM,"0","STM"
STN,"0","STN"
STP,"0","STP"
STR,"0","STR"
STS,"0","STS"
STT,"0","STT"
STU,"0","STU"
STV,"0","STV"
STW,"0","STW"
STX,"0","STX"
STY,"0","STY"
STZ,"0","STZ"
SUA,"0","SUA"
SUB,"0","SUB"
SUF,"0","SUF"
SUG,"0","SUG"
SUI,"0","SUI"
SUJ,"0","SUJ"
SUL,"0","SUL"
SUN,"0","SUN"
SUR,"0","SUR"
SUS,"0","SUS"
SUT,"0","SUT"
SUU,"0","SUU"
SUV,"0","SUV"
SUX,"0","SUX"
SUY,"0","SUY"
SUZ,"0","SUZ"
SVA,"0","SVA"
SVB,"0","SVB"
SVD,"0","SVD"
SVG,"0","SVG"
SVH,"0","SVH"
SVI,"0","SVI"
SVJ,"0","SVJ"
SVL,"0","SVL"
SVN,"0","SVN"
SVO,"0","SVO"
SVP,"0","SVP"
SVQ,"0","SVQ"
SVU,"0","SVU"
SVW,"0","SVW"
SVX,"0","SVX"
SVZ,"0","SVZ"
SWA,"0","SWA"
SWD,"0","SWD"
SWF,"0","SWF"
SWH,"0","SWH"
SWJ,"0","SWJ"
SWP,"0","SWP"
SWQ,"0","SWQ"
SWS,"0","SWS"
SWT,"0","SWT"
SWU,"0","SWU"
SWX,"0","SWX"
SXB,"0","SXB"
SXE,"0","SXE"
SXF,"0","SXF"
SXJ,"0","SXJ"
SXK,"0","SXK"
SXL,"0","SXL"
SXM,"0","SXM"
SXN,"0","SXN"
SXO,"0","SXO"
SXQ,"0","SXQ"
SXR,"0","SXR"
SXX,"0","SXX"
SYD,"0","SYD"
SYH,"0","SYH"
SYM,"0","SYM"
SYO,"0","SYO"
SYQ,"0","SYQ"
SYR,"0","SYR"
SYU,"0","SYU"
SYW,"0","SYW"
SYX,"0","SYX"
SYY,"0","SYY"
SYZ,"0","SYZ"
SZA,"0","SZA"
SZB,"0","SZB"
SZF,"0","SZF"
SZG,"0","SZG"
SZK,"0","SZK"
SZL,"0","SZL"
SZS,"0","SZS"
SZT,"0","SZT"
SZV,"0","SZV"
SZW,"0","SZW"
SZX,"0","SZX"
SZY,"0","SZY"
SZZ,"0","SZZ"
TAB,"0","TAB"
TAC,"0","TAC"
TAE,"0","TAE"
TAF,"0","TAF"
TAG,"0","TAG"
TAH,"0","TAH"
TAI,"0","TAI"
TAK,"0","TAK"
TAM,"0","TAM"
TAN,"0","TAN"
TAO,"0","TAO"
TAP,"0","TAP"
TAR,"0","TAR"
TAS,"0","TAS"
TAT,"0","TAT"
TAY,"0","TAY"
TAZ,"0","TAZ"
TBB,"0","TBB"
TBF,"0","TBF"
TBG,"0","TBG"
TBH,"0","TBH"
TBJ,"0","TBJ"
TBN,"0","TBN"
TBO,"0","TBO"
TBP,"0","TBP"
TBS,"0","TBS"
TBT,"0","TBT"
TBU,"0","TBU"
TBW,"0","TBW"
TBZ,"0","TBZ"
TCA,"0","TCA"
TCB,"0","TCB"
TCC,"0","TCC"
TCE,"0","TCE"
TCG,"0","TCG"
TCH,"0","TCH"
TCL,"0","TCL"
TCM,"0","TCM"
TCN,"0","TCN"
TCO,"0","TCO"
TCP,"0","TCP"
TCQ,"0","TCQ"
TCS,"0","TCS"
TCZ,"0","TCZ"
TDD,"0","TDD"
TDF,"0","TDF"
TDG,"0","TDG"
TDJ,"0","TDJ"
TDK,"0","TDK"
TDL,"0","TDL"
TDR,"0","TDR"
TDX,"0","TDX"
TEA,"0","TEA"
TEB,"0","TEB"
TED,"0","TED"
TEE,"0","TEE"
TEF,"0","TEF"
TEM,"0","TEM"
TEN,"0","TEN"
TEQ,"0","TEQ"
TER,"0","TER"
TET,"0","TET"
TEU,"0","TEU"
TEV,"0","TEV"
TEX,"0","TEX"
TEZ,"0","TEZ"
TFF,"0","TFF"
TFL,"0","TFL"
TFN,"0","TFN"
TFS,"0","TFS"
TGD,"0","TGD"
TGG,"0","TGG"
TGH,"0","TGH"
TGI,"0","TGI"
TGJ,"0","TGJ"
TGM,"0","TGM"
TGN,"0","TGN"
TGO,"0","TGO"
TGR,"0","TGR"
TGT,"0","TGT"
TGU,"0","TGU"
TGZ,"0","TGZ"
THE,"0","THE"
THF,"0","THF"
THG,"0","THG"
THL,"0","THL"
THN,"0","THN"
THO,"0","THO"
THR,"0","THR"
THS,"0","THS"
THU,"0","THU"
THZ,"0","THZ"
TIA,"0","TIA"
TID,"0","TID"
TIE,"0","TIE"
TIF,"0","TIF"
TIH,"0","TIH"
TII,"0","TII"
TIJ,"0","TIJ"
TIK,"0","TIK"
TIM,"0","TIM"
TIN,"0","TIN"
TIP,"0","TIP"
TIQ,"0","TIQ"
TIR,"0","TIR"
TIU,"0","TIU"
TIV,"0","TIV"
TIW,"0","TIW"
TIX,"0","TIX"
TIY,"0","TIY"
TIZ,"0","TIZ"
TJA,"0","TJA"
TJG,"0","TJG"
TJH,"0","TJH"
TJL,"0","TJL"
TJM,"0","TJM"
TJQ,"0","TJQ"
TJS,"0","TJS"
TJU,"0","TJU"
TKA,"0","TKA"
TKC,"0","TKC"
TKD,"0","TKD"
TKF,"0","TKF"
TKG,"0","TKG"
TKI,"0","TKI"
TKJ,"0","TKJ"
TKK,"0","TKK"
TKN,"0","TKN"
TKP,"0","TKP"
TKQ,"0","TKQ"
TKS,"0","TKS"
TKT,"0","TKT"
TKU,"0","TKU"
TKX,"0","TKX"
TLA,"0","TLA"
TLC,"0","TLC"
TLD,"0","TLD"
TLE,"0","TLE"
TLH,"0","TLH"
TLI,"0","TLI"
TLJ,"0","TLJ"
TLL,"0","TLL"
TLM,"0","TLM"
TLN,"0","TLN"
TLQ,"0","TLQ"
TLS,"0","TLS"
TLU,"0","TLU"
TLV,"0","TLV"
TLX,"0","TLX"
TMA,"0","TMA"
TMB,"0","TMB"
TMC,"0","TMC"
TME,"0","TME"
TMF,"0","TMF"
TMG,"0","TMG"
TMI,"0","TMI"
TMJ,"0","TMJ"
TML,"0","TML"
TMM,"0","TMM"
TMN,"0","TMN"
TMP,"0","TMP"
TMR,"0","TMR"
TMS,"0","TMS"
TMT,"0","TMT"
TMU,"0","TMU"
TMW,"0","TMW"
TMX,"0","TMX"
TN0,"0","TN0"
TNA,"0","TNA"
TNC,"0","TNC"
TND,"0","TND"
TNE,"0","TNE"
TNF,"0","TNF"
TNG,"0","TNG"
TNH,"0","TNH"
TNI,"0","TNI"
TNJ,"0","TNJ"
TNL,"0","TNL"
TNN,"0","TNN"
TNO,"0","TNO"
TNR,"0","TNR"
TNT,"0","TNT"
TNX,"0","TNX"
TOA,"0","TOA"
TOB,"0","TOB"
TOC,"0","TOC"
TOD,"0","TOD"
TOE,"0","TOE"
TOF,"0","TOF"
TOG,"0","TOG"
TOH,"0","TOH"
TOI,"0","TOI"
TOJ,"0","TOJ"
TOL,"0","TOL"
TOM,"0","TOM"
TOP,"0","TOP"
TOQ,"0","TOQ"
TOS,"0","TOS"
TOT,"0","TOT"
TOU,"0","TOU"
TOW,"0","TOW"
TOY,"0","TOY"
TPA,"0","TPA"
TPC,"0","TPC"
TPE,"0","TPE"
TPF,"0","TPF"
TPH,"0","TPH"
TPJ,"0","TPJ"
TPL,"0","TPL"
TPN,"0","TPN"
TPP,"0","TPP"
TPQ,"0","TPQ"
TPS,"0","TPS"
TQK,"0","TQK"
TQL,"0","TQL"
TQS,"0","TQS"
TRC,"0","TRC"
TRD,"0","TRD"
TRE,"0","TRE"
TRF,"0","TRF"
TRG,"0","TRG"
TRI,"0","TRI"
TRK,"0","TRK"
TRM,"0","TRM"
TRN,"0","TRN"
TRO,"0","TRO"
TRR,"0","TRR"
TRS,"0","TRS"
TRU,"0","TRU"
TRV,"0","TRV"
TRW,"0","TRW"
TRZ,"0","TRZ"
TSA,"0","TSA"
TSB,"0","TSB"
TSE,"0","TSE"
TSF,"0","TSF"
TSH,"0","TSH"
TSJ,"0","TSJ"
TSL,"0","TSL"
TSN,"0","TSN"
TSO,"0","TSO"
TSR,"0","TSR"
TST,"0","TST"
TSU,"0","TSU"
TSV,"0","TSV"
TTA,"0","TTA"
TTB,"0","TTB"
TTC,"0","TTC"
TTD,"0","TTD"
TTE,"0","TTE"
TTG,"0","TTG"
TTH,"0","TTH"
TTI,"0","TTI"
TTJ,"0","TTJ"
TTL,"0","TTL"
TTN,"0","TTN"
TTQ,"0","TTQ"
TTR,"0","TTR"
TTS,"0","TTS"
TTT,"0","TTT"
TTU,"0","TTU"
TUA,"0","TUA"
TUB,"0","TUB"
TUC,"0","TUC"
TUD,"0","TUD"
TUF,"0","TUF"
TUG,"0","TUG"
TUI,"0","TUI"
TUK,"0","TUK"
TUL,"0","TUL"
TUN,"0","TUN"
TUO,"0","TUO"
TUP,"0","TUP"
TUR,"0","TUR"
TUS,"0","TUS"
TUU,"0","TUU"
TUV,"0","TUV"
TVA,"0","TVA"
TVC,"0","TVC"
TVF,"0","TVF"
TVI,"0","TVI"
TVL,"0","TVL"
TVU,"0","TVU"
TVY,"0","TVY"
TWB,"0","TWB"
TWF,"0","TWF"
TWU,"0","TWU"
TXA,"0","TXA"
TXG,"0","TXG"
TXK,"0","TXK"
TXL,"0","TXL"
TXN,"0","TXN"
TYF,"0","TYF"
TYL,"0","TYL"
TYN,"0","TYN"
TYR,"0","TYR"
TYS,"0","TYS"
TZR,"0","TZR"
TZX,"0","TZX"
UAB,"0","UAB"
UAH,"0","UAH"
UAK,"0","UAK"
UAM,"0","UAM"
UAO,"0","UAO"
UAP,"0","UAP"
UAQ,"0","UAQ"
UAS,"0","UAS"
UBA,"0","UBA"
UBB,"0","UBB"
UBJ,"0","UBJ"
UBP,"0","UBP"
UBT,"0","UBT"
UCT,"0","UCT"
UDD,"0","UDD"
UDG,"0","UDG"
UDI,"0","UDI"
UDJ,"0","UDJ"
UDR,"0","UDR"
UEL,"0","UEL"
UEO,"0","UEO"
UET,"0","UET"
UFA,"0","UFA"
UGA,"0","UGA"
UGC,"0","UGC"
UGN,"0","UGN"
UGO,"0","UGO"
UIB,"0","UIB"
UIH,"0","UIH"
UII,"0","UII"
UIK,"0","UIK"
UIN,"0","UIN"
UIO,"0","UIO"
UIP,"0","UIP"
UJE,"0","UJE"
UKA,"0","UKA"
UKB,"0","UKB"
UKC,"0","UKC"
UKF,"0","UKF"
UKI,"0","UKI"
UKK,"0","UKK"
UKS,"0","UKS"
UKT,"0","UKT"
UKX,"0","UKX"
ULA,"0","ULA"
ULB,"0","ULB"
ULD,"0","ULD"
ULG,"0","ULG"
ULK,"0","ULK"
ULN,"0","ULN"
ULO,"0","ULO"
ULP,"0","ULP"
ULQ,"0","ULQ"
ULS,"0","ULS"
ULU,"0","ULU"
ULV,"0","ULV"
ULY,"0","ULY"
UMD,"0","UMD"
UME,"0","UME"
UMP,"0","UMP"
UMR,"0","UMR"
UMS,"0","UMS"
UMU,"0","UMU"
UNA,"0","UNA"
UND,"0","UND"
UNG,"0","UNG"
UNI,"0","UNI"
UNK,"0","UNK"
UNN,"0","UNN"
UNT,"0","UNT"
UOX,"0","UOX"
UPB,"0","UPB"
UPG,"0","UPG"
UPL,"0","UPL"
UPN,"0","UPN"
UPP,"0","UPP"
URA,"0","URA"
URC,"0","URC"
URE,"0","URE"
URG,"0","URG"
URJ,"0","URJ"
URO,"0","URO"
URS,"0","URS"
URT,"0","URT"
URY,"0","URY"
USH,"0","USH"
USI,"0","USI"
USK,"0","USK"
USM,"0","USM"
USN,"0","USN"
USQ,"0","USQ"
UST,"0","UST"
USU,"0","USU"
UTC,"0","UTC"
UTH,"0","UTH"
UTK,"0","UTK"
UTM,"0","UTM"
UTN,"0","UTN"
UTO,"0","UTO"
UTP,"0","UTP"
UTT,"0","UTT"
UTW,"0","UTW"
UUA,"0","UUA"
UUD,"0","UUD"
UUK,"0","UUK"
UUS,"0","UUS"
UVA,"0","UVA"
UVE,"0","UVE"
UVF,"0","UVF"
UWL,"0","UWL"
UYF,"0","UYF"
UYL,"0","UYL"
UYN,"0","UYN"
UYU,"0","UYU"
VAA,"0","VAA"
VAD,"0","VAD"
VAF,"0","VAF"
VAG,"0","VAG"
VAI,"0","VAI"
VAK,"0","VAK"
VAL,"0","VAL"
VAM,"0","VAM"
VAN,"0","VAN"
VAO,"0","VAO"
VAR,"0","VAR"
VAS,"0","VAS"
VAV,"0","VAV"
VAW,"0","VAW"
VAY,"0","VAY"
VBG,"0","VBG"
VBS,"0","VBS"
VBV,"0","VBV"
VBY,"0","VBY"
VCA,"0","VCA"
VCD,"0","VCD"
VCE,"0","VCE"
VCL,"0","VCL"
VCP,"0","VCP"
VCS,"0","VCS"
VCT,"0","VCT"
VCV,"0","VCV"
VDA,"0","VDA"
VDB,"0","VDB"
VDC,"0","VDC"
VDE,"0","VDE"
VDM,"0","VDM"
VDP,"0","VDP"
VDR,"0","VDR"
VDS,"0","VDS"
VDZ,"0","VDZ"
VEE,"0","VEE"
VEL,"0","VEL"
VER,"0","VER"
VEY,"0","VEY"
VFA,"0","VFA"
VGA,"0","VGA"
VGD,"0","VGD"
VGO,"0","VGO"
VGT,"0","VGT"
VGZ,"0","VGZ"
VHC,"0","VHC"
VHM,"0","VHM"
VHY,"0","VHY"
VIC,"0","VIC"
VIE,"0","VIE"
VIG,"0","VIG"
VII,"0","VII"
VIJ,"0","VIJ"
VIL,"0","VIL"
VIN,"0","VIN"
VIR,"0","VIR"
VIS,"0","VIS"
VIT,"0","VIT"
VIX,"0","VIX"
VKG,"0","VKG"
VKO,"0","VKO"
VKT,"0","VKT"
VLC,"0","VLC"
VLD,"0","VLD"
VLG,"0","VLG"
VLI,"0","VLI"
VLL,"0","VLL"
VLN,"0","VLN"
VLP,"0","VLP"
VLS,"0","VLS"
VLU,"0","VLU"
VLV,"0","VLV"
VLY,"0","VLY"
VMR,"0","VMR"
VNA,"0","VNA"
VNC,"0","VNC"
VNE,"0","VNE"
VNO,"0","VNO"
VNS,"0","VNS"
VNW,"0","VNW"
VNX,"0","VNX"
VNY,"0","VNY"
VOG,"0","VOG"
VOH,"0","VOH"
VOK,"0","VOK"
VOL,"0","VOL"
VOZ,"0","VOZ"
VPC,"0","VPC"
VPE,"0","VPE"
VPN,"0","VPN"
VPS,"0","VPS"
VPY,"0","VPY"
VPZ,"0","VPZ"
VQS,"0","VQS"
VRA,"0","VRA"
VRB,"0","VRB"
VRC,"0","VRC"
VRK,"0","VRK"
VRL,"0","VRL"
VRN,"0","VRN"
VRU,"0","VRU"
VRY,"0","VRY"
VSA,"0","VSA"
VSG,"0","VSG"
VST,"0","VST"
VTB,"0","VTB"
VTE,"0","VTE"
VTN,"0","VTN"
VTS,"0","VTS"
VTU,"0","VTU"
VTZ,"0","VTZ"
VUP,"0","VUP"
VVC,"0","VVC"
VVI,"0","VVI"
VVO,"0","VVO"
VVZ,"0","VVZ"
VXC,"0","VXC"
VXE,"0","VXE"
VXO,"0","VXO"
VYI,"0","VYI"
VYS,"0","VYS"
W63,"0","W63"
WAA,"0","WAA"
WAG,"0","WAG"
WAI,"0","WAI"
WAL,"0","WAL"
WAM,"0","WAM"
WAQ,"0","WAQ"
WAR,"0","WAR"
WAT,"0","WAT"
WAW,"0","WAW"
WBM,"0","WBM"
WBQ,"0","WBQ"
WBU,"0","WBU"
WBW,"0","WBW"
WCH,"0","WCH"
WDH,"0","WDH"
WDR,"0","WDR"
WDS,"0","WDS"
WEF,"0","WEF"
WEH,"0","WEH"
WEI,"0","WEI"
WEL,"0","WEL"
WFI,"0","WFI"
WFK,"0","WFK"
WGA,"0","WGA"
WGE,"0","WGE"
WGP,"0","WGP"
WHF,"0","WHF"
WHK,"0","WHK"
WHP,"0","WHP"
WHU,"0","WHU"
WIC,"0","WIC"
WIL,"0","WIL"
WIN,"0","WIN"
WIO,"0","WIO"
WJF,"0","WJF"
WJR,"0","WJR"
WJU,"0","WJU"
WKA,"0","WKA"
WKJ,"0","WKJ"
WKK,"0","WKK"
WKL,"0","WKL"
WKM,"0","WKM"
WKR,"0","WKR"
WLG,"0","WLG"
WLH,"0","WLH"
WLK,"0","WLK"
WLS,"0","WLS"
WMA,"0","WMA"
WMB,"0","WMB"
WMC,"0","WMC"
WME,"0","WME"
WMH,"0","WMH"
WMI,"0","WMI"
WMN,"0","WMN"
WMO,"0","WMO"
WMP,"0","WMP"
WMR,"0","WMR"
WMX,"0","WMX"
WNA,"0","WNA"
WNN,"0","WNN"
WNP,"0","WNP"
WNR,"0","WNR"
WNS,"0","WNS"
WNZ,"0","WNZ"
WOE,"0","WOE"
WOL,"0","WOL"
WOS,"0","WOS"
WOT,"0","WOT"
WPB,"0","WPB"
WPC,"0","WPC"
WPR,"0","WPR"
WPU,"0","WPU"
WRB,"0","WRB"
WRE,"0","WRE"
WRG,"0","WRG"
WRI,"0","WRI"
WRL,"0","WRL"
WRO,"0","WRO"
WRY,"0","WRY"
WRZ,"0","WRZ"
WSD,"0","WSD"
WSN,"0","WSN"
WSP,"0","WSP"
WSR,"0","WSR"
WST,"0","WST"
WSY,"0","WSY"
WSZ,"0","WSZ"
WTA,"0","WTA"
WTB,"0","WTB"
WTK,"0","WTK"
WTN,"0","WTN"
WTS,"0","WTS"
WTZ,"0","WTZ"
WUA,"0","WUA"
WUH,"0","WUH"
WUN,"0","WUN"
WUS,"0","WUS"
WUU,"0","WUU"
WUX,"0","WUX"
WUZ,"0","WUZ"
WVB,"0","WVB"
WVI,"0","WVI"
WVK,"0","WVK"
WVN,"0","WVN"
WWA,"0","WWA"
WWD,"0","WWD"
WWK,"0","WWK"
WWR,"0","WWR"
WWY,"0","WWY"
WXN,"0","WXN"
WYA,"0","WYA"
WYE,"0","WYE"
WYS,"0","WYS"
XAC,"0","XAC"
XAP,"0","XAP"
XAU,"0","XAU"
XBE,"0","XBE"
XBJ,"0","XBJ"
XBK,"0","XBK"
XCD,"0","XCD"
XCH,"0","XCH"
XCR,"0","XCR"
XFL,"0","XFL"
XFN,"0","XFN"
XFW,"0","XFW"
XGN,"0","XGN"
XGR,"0","XGR"
XIC,"0","XIC"
XIJ,"0","XIJ"
XIL,"0","XIL"
XIY,"0","XIY"
XKH,"0","XKH"
XKS,"0","XKS"
XLB,"0","XLB"
XLS,"0","XLS"
XMC,"0","XMC"
XMH,"0","XMH"
XMN,"0","XMN"
XMR,"0","XMR"
XMS,"0","XMS"
XMU,"0","XMU"
XMY,"0","XMY"
XNA,"0","XNA"
XNN,"0","XNN"
XPK,"0","XPK"
XPL,"0","XPL"
XPP,"0","XPP"
XQP,"0","XQP"
XRR,"0","XRR"
XRY,"0","XRY"
XSB,"0","XSB"
XSC,"0","XSC"
XSI,"0","XSI"
XSP,"0","XSP"
XTG,"0","XTG"
XTL,"0","XTL"
XTO,"0","XTO"
XUZ,"0","XUZ"
XVF,"0","XVF"
XXN,"0","XXN"
XYA,"0","XYA"
XYE,"0","XYE"
YAA,"0","YAA"
YAB,"0","YAB"
YAC,"0","YAC"
YAG,"0","YAG"
YAH,"0","YAH"
YAK,"0","YAK"
YAL,"0","YAL"
YAM,"0","YAM"
YAO,"0","YAO"
YAP,"0","YAP"
YAT,"0","YAT"
YAV,"0","YAV"
YAW,"0","YAW"
YAX,"0","YAX"
YAY,"0","YAY"
YAZ,"0","YAZ"
YBA,"0","YBA"
YBB,"0","YBB"
YBC,"0","YBC"
YBE,"0","YBE"
YBG,"0","YBG"
YBI,"0","YBI"
YBK,"0","YBK"
YBL,"0","YBL"
YBO,"0","YBO"
YBP,"0","YBP"
YBR,"0","YBR"
YBT,"0","YBT"
YBU,"0","YBU"
YBV,"0","YBV"
YBW,"0","YBW"
YBX,"0","YBX"
YBY,"0","YBY"
YCB,"0","YCB"
YCC,"0","YCC"
YCD,"0","YCD"
YCE,"0","YCE"
YCG,"0","YCG"
YCH,"0","YCH"
YCK,"0","YCK"
YCL,"0","YCL"
YCM,"0","YCM"
YCN,"0","YCN"
YCO,"0","YCO"
YCP,"0","YCP"
YCQ,"0","YCQ"
YCR,"0","YCR"
YCS,"0","YCS"
YCT,"0","YCT"
YCU,"0","YCU"
YCW,"0","YCW"
YCY,"0","YCY"
YDA,"0","YDA"
YDB,"0","YDB"
YDC,"0","YDC"
YDF,"0","YDF"
YDG,"0","YDG"
YDL,"0","YDL"
YDN,"0","YDN"
YDO,"0","YDO"
YDP,"0","YDP"
YDQ,"0","YDQ"
YDT,"0","YDT"
YEC,"0","YEC"
YEE,"0","YEE"
YEG,"0","YEG"
YEI,"0","YEI"
YEK,"0","YEK"
YEL,"0","YEL"
YEM,"0","YEM"
YEN,"0","YEN"
YEO,"0","YEO"
YER,"0","YER"
YES,"0","YES"
YET,"0","YET"
YEU,"0","YEU"
YEV,"0","YEV"
YEY,"0","YEY"
YFA,"0","YFA"
YFB,"0","YFB"
YFC,"0","YFC"
YFD,"0","YFD"
YFH,"0","YFH"
YFJ,"0","YFJ"
YFO,"0","YFO"
YFR,"0","YFR"
YFS,"0","YFS"
YFX,"0","YFX"
YGB,"0","YGB"
YGD,"0","YGD"
YGE,"0","YGE"
YGG,"0","YGG"
YGH,"0","YGH"
YGJ,"0","YGJ"
YGK,"0","YGK"
YGL,"0","YGL"
YGM,"0","YGM"
YGO,"0","YGO"
YGP,"0","YGP"
YGQ,"0","YGQ"
YGR,"0","YGR"
YGT,"0","YGT"
YGV,"0","YGV"
YGW,"0","YGW"
YGX,"0","YGX"
YGZ,"0","YGZ"
YHA,"0","YHA"
YHB,"0","YHB"
YHD,"0","YHD"
YHE,"0","YHE"
YHF,"0","YHF"
YHI,"0","YHI"
YHK,"0","YHK"
YHM,"0","YHM"
YHN,"0","YHN"
YHO,"0","YHO"
YHP,"0","YHP"
YHR,"0","YHR"
YHT,"0","YHT"
YHU,"0","YHU"
YHY,"0","YHY"
YHZ,"0","YHZ"
YIB,"0","YIB"
YIC,"0","YIC"
YIE,"0","YIE"
YIF,"0","YIF"
YIH,"0","YIH"
YIK,"0","YIK"
YIN,"0","YIN"
YIO,"0","YIO"
YIP,"0","YIP"
YIV,"0","YIV"
YIW,"0","YIW"
YJF,"0","YJF"
YJM,"0","YJM"
YJN,"0","YJN"
YJT,"0","YJT"
YKA,"0","YKA"
YKF,"0","YKF"
YKG,"0","YKG"
YKH,"0","YKH"
YKJ,"0","YKJ"
YKL,"0","YKL"
YKM,"0","YKM"
YKN,"0","YKN"
YKO,"0","YKO"
YKQ,"0","YKQ"
YKS,"0","YKS"
YKU,"0","YKU"
YKX,"0","YKX"
YKY,"0","YKY"
YKZ,"0","YKZ"
YLC,"0","YLC"
YLD,"0","YLD"
YLE,"0","YLE"
YLH,"0","YLH"
YLJ,"0","YLJ"
YLK,"0","YLK"
YLL,"0","YLL"
YLR,"0","YLR"
YLT,"0","YLT"
YLW,"0","YLW"
YMA,"0","YMA"
YME,"0","YME"
YMG,"0","YMG"
YMH,"0","YMH"
YMJ,"0","YMJ"
YML,"0","YML"
YMM,"0","YMM"
YMN,"0","YMN"
YMO,"0","YMO"
YMS,"0","YMS"
YMT,"0","YMT"
YMW,"0","YMW"
YMX,"0","YMX"
YNA,"0","YNA"
YNB,"0","YNB"
YNC,"0","YNC"
YND,"0","YND"
YNE,"0","YNE"
YNG,"0","YNG"
YNJ,"0","YNJ"
YNL,"0","YNL"
YNM,"0","YNM"
YNO,"0","YNO"
YNS,"0","YNS"
YNT,"0","YNT"
YNY,"0","YNY"
YNZ,"0","YNZ"
YOA,"0","YOA"
YOC,"0","YOC"
YOD,"0","YOD"
YOG,"0","YOG"
YOH,"0","YOH"
YOJ,"0","YOJ"
YOL,"0","YOL"
YOO,"0","YOO"
YOP,"0","YOP"
YOS,"0","YOS"
YOW,"0","YOW"
YPA,"0","YPA"
YPC,"0","YPC"
YPD,"0","YPD"
YPE,"0","YPE"
YPG,"0","YPG"
YPH,"0","YPH"
YPJ,"0","YPJ"
YPL,"0","YPL"
YPM,"0","YPM"
YPN,"0","YPN"
YPO,"0","YPO"
YPQ,"0","YPQ"
YPR,"0","YPR"
YPS,"0","YPS"
YPW,"0","YPW"
YPX,"0","YPX"
YPY,"0","YPY"
YQA,"0","YQA"
YQB,"0","YQB"
YQC,"0","YQC"
YQD,"0","YQD"
YQF,"0","YQF"
YQG,"0","YQG"
YQH,"0","YQH"
YQI,"0","YQI"
YQK,"0","YQK"
YQL,"0","YQL"
YQM,"0","YQM"
YQN,"0","YQN"
YQQ,"0","YQQ"
YQR,"0","YQR"
YQS,"0","YQS"
YQT,"0","YQT"
YQU,"0","YQU"
YQV,"0","YQV"
YQW,"0","YQW"
YQX,"0","YQX"
YQY,"0","YQY"
YQZ,"0","YQZ"
YRA,"0","YRA"
YRB,"0","YRB"
YRF,"0","YRF"
YRG,"0","YRG"
YRI,"0","YRI"
YRJ,"0","YRJ"
YRL,"0","YRL"
YRM,"0","YRM"
YRO,"0","YRO"
YRP,"0","YRP"
YRQ,"0","YRQ"
YRS,"0","YRS"
YRT,"0","YRT"
YRV,"0","YRV"
YSB,"0","YSB"
YSC,"0","YSC"
YSD,"0","YSD"
YSE,"0","YSE"
YSF,"0","YSF"
YSG,"0","YSG"
YSH,"0","YSH"
YSJ,"0","YSJ"
YSK,"0","YSK"
YSL,"0","YSL"
YSM,"0","YSM"
YSN,"0","YSN"
YSO,"0","YSO"
YSP,"0","YSP"
YSR,"0","YSR"
YST,"0","YST"
YSU,"0","YSU"
YSY,"0","YSY"
YTA,"0","YTA"
YTD,"0","YTD"
YTE,"0","YTE"
YTF,"0","YTF"
YTH,"0","YTH"
YTL,"0","YTL"
YTM,"0","YTM"
YTQ,"0","YTQ"
YTR,"0","YTR"
YTS,"0","YTS"
YTY,"0","YTY"
YTZ,"0","YTZ"
YUB,"0","YUB"
YUD,"0","YUD"
YUE,"0","YUE"
YUL,"0","YUL"
YUM,"0","YUM"
YUS,"0","YUS"
YUT,"0","YUT"
YUX,"0","YUX"
YUY,"0","YUY"
YVA,"0","YVA"
YVB,"0","YVB"
YVC,"0","YVC"
YVD,"0","YVD"
YVE,"0","YVE"
YVG,"0","YVG"
YVM,"0","YVM"
YVO,"0","YVO"
YVP,"0","YVP"
YVQ,"0","YVQ"
YVR,"0","YVR"
YVT,"0","YVT"
YVV,"0","YVV"
YVZ,"0","YVZ"
YWA,"0","YWA"
YWB,"0","YWB"
YWG,"0","YWG"
YWH,"0","YWH"
YWJ,"0","YWJ"
YWK,"0","YWK"
YWL,"0","YWL"
YWM,"0","YWM"
YWP,"0","YWP"
YWS,"0","YWS"
YWY,"0","YWY"
YXC,"0","YXC"
YXD,"0","YXD"
YXE,"0","YXE"
YXH,"0","YXH"
YXJ,"0","YXJ"
YXK,"0","YXK"
YXL,"0","YXL"
YXN,"0","YXN"
YXP,"0","YXP"
YXQ,"0","YXQ"
YXR,"0","YXR"
YXS,"0","YXS"
YXT,"0","YXT"
YXU,"0","YXU"
YXX,"0","YXX"
YXY,"0","YXY"
YXZ,"0","YXZ"
YYB,"0","YYB"
YYC,"0","YYC"
YYD,"0","YYD"
YYE,"0","YYE"
YYF,"0","YYF"
YYG,"0","YYG"
YYH,"0","YYH"
YYJ,"0","YYJ"
YYL,"0","YYL"
YYN,"0","YYN"
YYQ,"0","YYQ"
YYR,"0","YYR"
YYT,"0","YYT"
YYU,"0","YYU"
YYW,"0","YYW"
YYY,"0","YYY"
YYZ,"0","YYZ"
YZD,"0","YZD"
YZE,"0","YZE"
YZF,"0","YZF"
YZG,"0","YZG"
YZH,"0","YZH"
YZP,"0","YZP"
YZR,"0","YZR"
YZS,"0","YZS"
YZT,"0","YZT"
YZU,"0","YZU"
YZV,"0","YZV"
YZW,"0","YZW"
YZX,"0","YZX"
YZY,"0","YZY"
YZZ,"0","YZZ"
Z84,"0","Z84"
ZAC,"0","ZAC"
ZAD,"0","ZAD"
ZAG,"0","ZAG"
ZAH,"0","ZAH"
ZAJ,"0","ZAJ"
ZAL,"0","ZAL"
ZAM,"0","ZAM"
ZAR,"0","ZAR"
ZAT,"0","ZAT"
ZAZ,"0","ZAZ"
ZBF,"0","ZBF"
ZBM,"0","ZBM"
ZBR,"0","ZBR"
ZCA,"0","ZCA"
ZCL,"0","ZCL"
ZCN,"0","ZCN"
ZCO,"0","ZCO"
ZEL,"0","ZEL"
ZEM,"0","ZEM"
ZFA,"0","ZFA"
ZFD,"0","ZFD"
ZFM,"0","ZFM"
ZFN,"0","ZFN"
ZGF,"0","ZGF"
ZGI,"0","ZGI"
ZGR,"0","ZGR"
ZGU,"0","ZGU"
ZHA,"0","ZHA"
ZHY,"0","ZHY"
ZIC,"0","ZIC"
ZIG,"0","ZIG"
ZIH,"0","ZIH"
ZIN,"0","ZIN"
ZIX,"0","ZIX"
ZJG,"0","ZJG"
ZJI,"0","ZJI"
ZJN,"0","ZJN"
ZKB,"0","ZKB"
ZKE,"0","ZKE"
ZKG,"0","ZKG"
ZKP,"0","ZKP"
ZLO,"0","ZLO"
ZLT,"0","ZLT"
ZML,"0","ZML"
ZMM,"0","ZMM"
ZMT,"0","ZMT"
ZNA,"0","ZNA"
ZND,"0","ZND"
ZNE,"0","ZNE"
ZNF,"0","ZNF"
ZNV,"0","ZNV"
ZNZ,"0","ZNZ"
ZOS,"0","ZOS"
ZPB,"0","ZPB"
ZPC,"0","ZPC"
ZPH,"0","ZPH"
ZQC,"0","ZQC"
ZQF,"0","ZQF"
ZQL,"0","ZQL"
ZQN,"0","ZQN"
ZQW,"0","ZQW"
ZRH,"0","ZRH"
ZRJ,"0","ZRJ"
ZSA,"0","ZSA"
ZSE,"0","ZSE"
ZSJ,"0","ZSJ"
ZSN,"0","ZSN"
ZST,"0","ZST"
ZSW,"0","ZSW"
ZSY,"0","ZSY"
ZTA,"0","ZTA"
ZTB,"0","ZTB"
ZTH,"0","ZTH"
ZTM,"0","ZTM"
ZTR,"0","ZTR"
ZTU,"0","ZTU"
ZUC,"0","ZUC"
ZUH,"0","ZUH"
ZUM,"0","ZUM"
ZUN,"0","ZUN"
ZVA,"0","ZVA"
ZVK,"0","ZVK"
ZWA,"0","ZWA"
ZWL,"0","ZWL"
ZXB,"0","ZXB"
ZYI,"0","ZYI"
ZYL,"0","ZYL"
ZZU,"0","ZZU"
ZZV,"0","ZZV"